Table 1/2: Government Information Requests,,,,,,,,,,,,
Time period start,Country,Routine requests,Emergency requests,Combined requests,Routine compliance rate,Emergency compliance rate,Combined compliance rate,Routine accounts specified,Emergency accounts specified,Combined accounts specified,Preservation accounts,Preservation requests
2020-01-01,Argentina,36,14,50,0,0.14,0.04,52,14,66,76,55
2020-01-01,Australia,16,11,27,0.31,0,0.19,86,12,98,68,25
2020-01-01,Austria,3,2,5,0.33,0,0.2,4,2,6,0,0
2020-01-01,Bangladesh,0,2,2,(null),0,0,0,2,2,0,0
2020-01-01,Belgium,41,3,44,0.66,0,0.61,111,1,112,0,0
2020-01-01,Brazil,104,36,140,0.16,0,0.12,224,44,268,486,75
2020-01-01,Canada,24,37,61,0.58,0.3,0.41,39,39,78,361,54
2020-01-01,Chile,19,5,24,0,0,0,21,15,36,2,2
2020-01-01,Colombia,16,4,20,0,0,0,25,6,31,33,23
2020-01-01,Croatia,0,1,1,(null),0,0,0,1,1,0,0
2020-01-01,Czech Republic,1,1,2,0,0,0,1,2,3,2,1
2020-01-01,Denmark,3,0,3,0,(null),0,3,0,3,2,1
2020-01-01,Dominican Republic,0,1,1,(null),0,0,0,1,1,0,0
2020-01-01,Ecuador,5,0,5,0,(null),0,9,0,9,29,13
2020-01-01,El Salvador,4,0,4,0,(null),0,5,0,5,7,6
2020-01-01,Finland,5,1,6,0.2,1,0.33,6,1,7,0,0
2020-01-01,France,1951,62,2013,0.72,0.06,0.7,2198,75,2273,2,1
2020-01-01,Germany,474,69,543,0.19,0.22,0.19,623,85,708,139,123
2020-01-01,Ghana,0,0,0,(null),(null),(null),0,0,0,1,1
2020-01-01,Greece,11,3,14,0,0,0,12,3,15,56,11
2020-01-01,Guatemala,1,2,3,0,0,0,1,2,3,3,2
2020-01-01,Hong Kong SAR,10,0,10,0,(null),0,10,0,10,0,0
2020-01-01,Hungary,1,1,2,0,0,0,5,4,9,4,2
2020-01-01,Iceland,0,0,0,(null),(null),(null),0,0,0,1,1
2020-01-01,India,2367,246,2613,0.01,0.01,0.01,5906,440,6346,2366,526
2020-01-01,Indonesia,2,1,3,0,0,0,2,1,3,1,1
2020-01-01,Iraq,1,3,4,0,0,0,1,3,4,0,0
2020-01-01,Ireland,13,0,13,0.15,(null),0.15,25,0,25,36,24
2020-01-01,Israel,0,8,8,(null),0,0,0,8,8,0,0
2020-01-01,Italy,61,21,82,0.13,0,0.1,101,22,123,38,26
2020-01-01,Jamaica,0,0,0,(null),(null),(null),0,0,0,1,1
2020-01-01,Japan,1282,285,1567,0.36,0.2,0.33,1716,323,2039,2,2
2020-01-01,Jordan,0,5,5,(null),0,0,0,6,6,0,0
2020-01-01,Kenya,0,0,0,(null),(null),(null),0,0,0,5,1
2020-01-01,Kuwait,0,2,2,(null),0,0,0,2,2,0,0
2020-01-01,Luxembourg,1,0,1,0,(null),0,1,0,1,1,1
2020-01-01,Macedonia,11,0,11,0,(null),0,11,0,11,2,2
2020-01-01,Malaysia,0,5,5,(null),0,0,0,5,5,0,0
2020-01-01,Maldives,3,0,3,0,(null),0,3,0,3,0,0
2020-01-01,Malta,1,0,1,0,(null),0,1,0,1,0,0
2020-01-01,Mexico,46,26,72,0,0.08,0.03,86,39,125,13,11
2020-01-01,Mongolia,1,0,1,0,(null),0,1,0,1,0,0
2020-01-01,Montenegro,0,1,1,(null),0,0,0,1,1,0,0
2020-01-01,Nepal,5,0,5,0,(null),0,9,0,9,0,0
2020-01-01,Netherlands,21,11,32,0.43,0.18,0.34,23,13,36,12,12
2020-01-01,New Zealand,1,2,3,0,0.5,0.33,1,2,3,0,0
2020-01-01,Oman,0,1,1,(null),0,0,0,1,1,0,0
2020-01-01,Pakistan,9,9,18,0,0,0,28,10,38,1,1
2020-01-01,Panama,2,0,2,0,(null),0,2,0,2,0,0
2020-01-01,Paraguay,2,0,2,0,(null),0,2,0,2,2,2
2020-01-01,Peru,0,1,1,(null),0,0,0,1,1,1,1
2020-01-01,Philippines,0,0,0,(null),(null),(null),0,0,0,20,3
2020-01-01,Poland,26,20,46,0,0.05,0.02,47,25,72,5,4
2020-01-01,Portugal,4,1,5,0,0,0,4,1,5,4,4
2020-01-01,Puerto Rico,0,0,0,(null),(null),(null),0,0,0,1,1
2020-01-01,Qatar,0,3,3,(null),0,0,0,3,3,0,0
2020-01-01,Romania,0,1,1,(null),0,0,0,2,2,0,0
2020-01-01,Saudi Arabia,0,2,2,(null),0,0,0,2,2,0,0
2020-01-01,Serbia,8,10,18,0,0,0,8,11,19,1,1
2020-01-01,Singapore,14,2,16,0,0,0,21,2,23,1,1
2020-01-01,Slovenia,1,0,1,0,(null),0,1,0,1,0,0
2020-01-01,South Africa,0,0,0,(null),(null),(null),0,0,0,1,1
2020-01-01,South Korea,377,286,663,0.42,0.19,0.32,775,376,1151,306,73
2020-01-01,Spain,87,1,88,0.25,0,0.25,136,1,137,74,28
2020-01-01,Sri Lanka,0,1,1,(null),0,0,0,1,1,0,0
2020-01-01,Sweden,13,0,13,0.23,(null),0.23,26,0,26,22,4
2020-01-01,Switzerland,5,0,5,0.2,(null),0.2,6,0,6,1,1
2020-01-01,Taiwan,41,4,45,0,0,0,102,4,106,2,1
2020-01-01,Thailand,34,9,43,0,0,0,37,10,47,10,9
2020-01-01,Tunisia,1,1,2,0,0,0,1,1,2,0,0
2020-01-01,Turkey,321,26,347,0,0,0,836,29,865,0,0
2020-01-01,United Arab Emirates,0,1,1,(null),0,0,0,1,1,0,0
2020-01-01,United Kingdom,380,107,487,0.44,0.39,0.43,459,121,580,92,70
2020-01-01,United States,2557,872,3429,0.76,0.11,0.59,8983,982,9965,6669,1687
2020-01-01,Uruguay,2,3,5,0,0,0,2,4,6,1,1
2019-07-01,Argentina,37,27,64,0,0.04,0.02,54,30,84,16,16
2019-07-01,Australia,18,4,22,0.17,0.25,0.18,36,5,41,89,16
2019-07-01,Austria,2,1,3,0,0,0,3,1,4,0,0
2019-07-01,Bahrain,0,1,1,(null),0,0,0,1,1,0,0
2019-07-01,Belgium,44,8,52,0.73,0,0.62,122,10,132,38,6
2019-07-01,Brazil,49,14,63,0.14,0,0.11,77,14,91,252,40
2019-07-01,Canada,14,55,69,0.5,0.33,0.36,21,62,83,24,21
2019-07-01,Chile,13,9,22,0,0,0,15,13,28,5,5
2019-07-01,China**,1,0,1,0,(null),0,1,0,1,0,0
2019-07-01,Colombia,21,16,37,0,0,0,42,29,71,19,15
2019-07-01,Costa Rica,0,0,0,(null),(null),(null),0,0,0,2,2
2019-07-01,Croatia,0,1,1,(null),0,0,0,1,1,0,0
2019-07-01,Czech Republic,1,0,1,0,(null),0,2,0,2,2,1
2019-07-01,Denmark,0,0,0,(null),(null),(null),0,0,0,1,1
2019-07-01,Dominican Republic,0,3,3,(null),0,0,0,3,3,1,1
2019-07-01,Ecuador,2,1,3,0,0,0,2,1,3,46,13
2019-07-01,El Salvador,4,1,5,0,0,0,6,3,9,4,2
2019-07-01,Finland,2,0,2,0.5,(null),0.5,2,0,2,0,0
2019-07-01,France,979,78,1057,0.69,0.23,0.66,1336,103,1439,1,1
2019-07-01,Germany,372,28,400,0.19,0.14,0.19,563,42,605,32,5
2019-07-01,Greece,8,7,15,0,0.14,0.07,15,7,22,9,8
2019-07-01,Guatemala,0,1,1,(null),0,0,0,1,1,0,0
2019-07-01,Hong Kong SAR,2,1,3,0,0,0,2,1,3,0,0
2019-07-01,Hungary,1,2,3,0,0,0,1,2,3,0,0
2019-07-01,India,662,127,789,0.02,0.01,0.02,2683,190,2873,1028,144
2019-07-01,Indonesia,2,2,4,0,0.5,0.25,3,5,8,0,0
2019-07-01,Ireland,79,4,83,0.01,0.25,0.02,113,13,126,100,23
2019-07-01,Israel,0,4,4,(null),0,0,0,4,4,0,0
2019-07-01,Italy,52,5,57,0.12,0.2,0.12,96,5,101,6,5
2019-07-01,Japan,1664,297,1961,0.47,0.36,0.45,2526,332,2858,2,2
2019-07-01,Jordan,1,3,4,0,0,0,1,3,4,0,0
2019-07-01,Kuwait,0,6,6,(null),0.17,0.17,0,6,6,0,0
2019-07-01,Macedonia,6,0,6,0,(null),0,8,0,8,0,0
2019-07-01,Malaysia,0,5,5,(null),0,0,0,7,7,0,0
2019-07-01,Maldives,3,6,9,0,0,0,3,6,9,11,1
2019-07-01,Malta,1,0,1,0,(null),0,1,0,1,0,0
2019-07-01,Mexico,38,22,60,0,0.05,0.02,55,31,86,2,2
2019-07-01,Monaco,1,0,1,0,(null),0,19,0,19,0,0
2019-07-01,Mongolia,1,0,1,0,(null),0,1,0,1,0,0
2019-07-01,Nepal,3,2,5,0,0,0,3,2,5,0,0
2019-07-01,Netherlands,9,9,18,0.44,0,0.22,9,10,19,27,25
2019-07-01,New Zealand,1,3,4,0,0.67,0.5,1,3,4,4,3
2019-07-01,Norway,3,1,4,0,0,0,6,1,7,0,0
2019-07-01,Other,0,0,0,(null),(null),(null),0,0,0,1,1
2019-07-01,Pakistan,8,5,13,0,0,0,10,8,18,0,0
2019-07-01,Panama,0,1,1,(null),0,0,0,1,1,0,0
2019-07-01,Peru,0,0,0,(null),(null),(null),0,0,0,3,2
2019-07-01,Poland,35,56,91,0,0.02,0.01,68,55,123,2,2
2019-07-01,Portugal,2,0,2,0,(null),0,3,0,3,1,1
2019-07-01,Qatar,0,1,1,(null),0,0,0,4,4,0,0
2019-07-01,Romania,0,1,1,(null),0,0,0,1,1,0,0
2019-07-01,Russia,1,1,2,0,0,0,1,1,2,0,0
2019-07-01,Saudi Arabia,0,5,5,(null),0,0,0,5,5,0,0
2019-07-01,Serbia,16,10,26,0,0,0,20,11,31,4,3
2019-07-01,Singapore,12,2,14,0,0,0,16,3,19,0,0
2019-07-01,South Africa,0,0,0,(null),(null),(null),0,0,0,2,1
2019-07-01,South Korea,123,361,484,0.33,0.29,0.3,231,427,658,7,7
2019-07-01,Spain,104,3,107,0.21,0,0.21,172,4,176,27,22
2019-07-01,Sri Lanka,0,5,5,(null),0,0,0,5,5,0,0
2019-07-01,Sweden,9,3,12,0.44,0.33,0.42,15,3,18,0,0
2019-07-01,Switzerland,3,1,4,0,0,0,3,1,4,1,1
2019-07-01,Taiwan,1,4,5,0,0,0,1,4,5,0,0
2019-07-01,Thailand,1,1,2,0,0,0,1,0,1,0,0
2019-07-01,Turkey,449,29,478,0,0,0,866,30,896,0,0
2019-07-01,United Arab Emirates,0,10,10,(null),0,0,0,11,11,0,0
2019-07-01,United Kingdom,320,113,433,0.52,0.5,0.52,401,121,522,102,56
2019-07-01,United States,1772,499,2271,0.74,0.2,0.62,8381,589,8970,2046,1201
2019-07-01,Uruguay,0,2,2,(null),0,0,0,3,3,0,0
2019-01-01,Argentina,22,5,27,0.09,0,0.07,146,6,152,14,13
2019-01-01,Australia,16,6,22,0.56,0.67,0.59,49,6,55,62,18
2019-01-01,Austria,3,0,3,0.67,(null),0.67,0,0,0,1,1
2019-01-01,Bangladesh,0,2,2,(null),0,0,0,2,2,0,0
2019-01-01,Belgium,21,2,23,0.76,0,0.7,55,3,58,3,3
2019-01-01,Bosnia And Herzegovina,3,0,3,0,(null),0,0,0,0,0,0
2019-01-01,Brazil,88,17,105,0.13,0,0.1,170,27,197,34,21
2019-01-01,Canada,10,35,45,0.6,0.57,0.58,12,40,52,31,20
2019-01-01,Chile,12,4,16,0,0.25,0.06,18,4,22,0,0
2019-01-01,Colombia,26,7,33,0,0,0,26,7,33,16,9
2019-01-01,Costa Rica,1,2,3,0,0,0,1,2,3,7,5
2019-01-01,Cyprus,1,0,1,0,(null),0,0,0,0,2,2
2019-01-01,Czech Republic,1,3,4,0,0,0,1,3,4,2,1
2019-01-01,Denmark,5,1,6,0.4,0,0.33,7,1,8,3,3
2019-01-01,Dominican Republic,0,3,3,(null),0,0,0,3,3,0,0
2019-01-01,Ecuador,0,1,1,(null),0,0,0,2,2,0,0
2019-01-01,Egypt,0,1,1,(null),0,0,0,1,1,0,0
2019-01-01,El Salvador,2,0,2,0,(null),0,0,0,0,0,0
2019-01-01,Estonia,2,0,2,0,(null),0,0,0,0,0,0
2019-01-01,Finland,2,2,4,0.5,0.5,0.5,2,2,4,3,3
2019-01-01,France,499,50,549,0.58,0.34,0.56,742,66,808,3,1
2019-01-01,Germany,415,43,458,0.18,0.16,0.18,622,69,691,91,37
2019-01-01,Greece,17,7,24,0,0.14,0.04,18,7,25,14,7
2019-01-01,Guatemala,3,0,3,0,(null),0,0,0,0,0,0
2019-01-01,Hong Kong SAR,2,1,3,0,0,0,3,1,4,0,0
2019-01-01,India,395,79,474,0.05,0.04,0.05,1162,106,1268,145,36
2019-01-01,Indonesia,0,12,12,(null),0,0,0,12,12,0,0
2019-01-01,Iraq,1,0,1,0,(null),0,0,0,0,0,0
2019-01-01,Ireland,10,0,10,0.3,(null),0.3,0,0,0,9,7
2019-01-01,Israel,0,3,3,(null),0,0,0,3,3,0,0
2019-01-01,Italy,54,12,66,0.2,0.17,0.2,173,13,186,38,7
2019-01-01,Japan,1464,278,1742,0.51,0.56,0.52,2140,305,2445,0,0
2019-01-01,Jordan,0,1,1,(null),0,0,0,1,1,0,0
2019-01-01,Kosovo,0,1,1,(null),0,0,0,1,1,0,0
2019-01-01,Kuwait,0,4,4,(null),0.25,0.25,0,4,4,0,0
2019-01-01,Macedonia,4,0,4,0,(null),0,0,0,0,0,0
2019-01-01,Malaysia,0,1,1,(null),0,0,0,1,1,0,0
2019-01-01,Malta,1,0,1,0,(null),0,0,0,0,0,0
2019-01-01,Mexico,34,20,54,0.03,0,0.02,44,24,68,7,3
2019-01-01,Montenegro,0,1,1,(null),0,0,0,1,1,0,0
2019-01-01,Nepal,0,1,1,(null),0,0,0,1,1,0,0
2019-01-01,Netherlands,11,2,13,0.73,0.5,0.69,25,2,27,46,43
2019-01-01,New Zealand,0,3,3,(null),0.67,0.67,0,4,4,4,2
2019-01-01,Nigeria,0,2,2,(null),0,0,0,2,2,0,0
2019-01-01,Pakistan,18,5,23,0,0,0,65,5,70,8,8
2019-01-01,Peru,0,0,0,(null),(null),(null),0,0,0,1,1
2019-01-01,Poland,35,21,56,0,0.05,0.02,42,21,63,3,3
2019-01-01,Portugal,5,1,6,0.4,0,0.33,6,2,8,2,1
2019-01-01,Qatar,2,2,4,0,0,0,2,2,4,0,0
2019-01-01,Serbia,14,13,27,0,0.15,0.07,18,18,36,0,0
2019-01-01,Singapore,9,8,17,0,0.13,0.06,12,8,20,0,0
2019-01-01,Slovenia,1,1,2,0,0,0,1,1,2,0,0
2019-01-01,South Korea,93,39,132,0.19,0.62,0.32,220,43,263,0,0
2019-01-01,Spain,139,11,150,0.31,0.55,0.33,269,11,280,75,33
2019-01-01,Sweden,11,0,11,0.64,(null),0.64,0,0,0,1,1
2019-01-01,Switzerland,2,2,4,0,0.5,0.25,2,2,4,0,0
2019-01-01,Turkey,340,10,350,0,0,0,584,12,596,0,0
2019-01-01,United Arab Emirates,0,2,2,(null),0,0,0,2,2,0,0
2019-01-01,United Kingdom,358,300,658,0.62,0.73,0.67,469,341,810,91,37
2019-01-01,United States,1669,451,2120,0.76,0.48,0.7,3654,496,4150,2022,1054
2018-07-01,Argentina,35,4,39,0.06,0.25,0.08,45,4,49,25,19
2018-07-01,Australia,15,5,20,0.87,0.4,0.75,16,5,21,45,13
2018-07-01,Austria,5,0,5,0.2,(null),0.2,0,0,0,1,1
2018-07-01,Belgium,22,2,24,0.82,1,0.83,28,2,30,2,1
2018-07-01,Brazil,54,1,55,0.35,0,0.35,119,1,120,4,1
2018-07-01,Canada,8,40,48,0.5,0.6,0.58,8,41,49,113,40
2018-07-01,Chile,9,3,12,0,0,0,12,3,15,0,0
2018-07-01,Colombia,27,14,41,0,0.21,0.07,30,21,51,4,4
2018-07-01,Czech Republic,0,0,0,(null),(null),(null),0,0,0,2,2
2018-07-01,Denmark,3,1,4,0.33,0,0.25,3,1,4,3,2
2018-07-01,Dominican Republic,6,6,12,0,0,0,7,6,13,5,2
2018-07-01,Ecuador,3,0,3,0,(null),0,0,0,0,47,3
2018-07-01,El Salvador,0,0,0,(null),(null),(null),0,0,0,5,4
2018-07-01,Finland,4,0,4,0.5,(null),0.5,0,0,0,1,1
2018-07-01,France,323,50,373,0.49,0.36,0.47,426,76,502,1,1
2018-07-01,Germany,369,25,394,0.27,0.32,0.27,505,34,539,5,5
2018-07-01,Greece,10,5,15,0.1,0.6,0.27,16,7,23,4,4
2018-07-01,Guatemala,3,4,7,0,0,0,10,5,15,0,0
2018-07-01,Hong Kong SAR,2,2,4,0,0,0,2,2,4,1,1
2018-07-01,Hungary,1,0,1,0,(null),0,0,0,0,0,0
2018-07-01,India,373,49,422,0.19,0.1,0.18,976,76,1052,100,30
2018-07-01,Indonesia,1,14,15,0,0,0,1,14,15,0,0
2018-07-01,Ireland,2,1,3,0.5,0,0.33,2,5,7,14,7
2018-07-01,Israel,0,7,7,(null),0.57,0.57,0,7,7,0,0
2018-07-01,Italy,49,2,51,0.33,0.5,0.33,174,3,177,73,16
2018-07-01,Japan,1418,241,1659,0.67,0.55,0.65,1981,280,2261,0,0
2018-07-01,Jordan,4,3,7,0,0,0,7,5,12,1,1
2018-07-01,Kuwait,2,1,3,0,0,0,2,1,3,0,0
2018-07-01,Lithuania,2,0,2,0,(null),0,0,0,0,0,0
2018-07-01,Luxembourg,1,0,1,1,(null),1,0,0,0,0,0
2018-07-01,Macedonia,7,0,7,0,(null),0,0,0,0,0,0
2018-07-01,Malaysia,1,1,2,0,0,0,1,2,3,1,1
2018-07-01,Maldives,1,0,1,0,(null),0,0,0,0,0,0
2018-07-01,Malta,2,2,4,0,0,0,2,3,5,0,0
2018-07-01,Mexico,32,18,50,0,0.39,0.14,63,20,83,20,12
2018-07-01,Nepal,2,2,4,0,0,0,2,2,4,0,0
2018-07-01,Netherlands,27,12,39,0.63,0.92,0.72,30,12,42,83,78
2018-07-01,New Zealand,0,0,0,(null),(null),(null),0,0,0,3,1
2018-07-01,Norway,0,0,0,(null),(null),(null),0,0,0,1,2
2018-07-01,Pakistan,15,2,17,0,0,0,16,7,23,2,2
2018-07-01,Panama,0,0,0,(null),(null),(null),0,0,0,2,1
2018-07-01,Paraguay,1,0,1,0,(null),0,0,0,0,0,0
2018-07-01,Poland,14,5,19,0,0.4,0.11,19,5,24,1,1
2018-07-01,Portugal,0,1,1,(null),0,0,0,2,2,0,0
2018-07-01,Puerto Rico,0,0,0,(null),(null),(null),0,0,0,3,3
2018-07-01,Qatar,0,0,0,(null),(null),(null),0,0,0,1,1
2018-07-01,Russia,1,0,1,0,(null),0,0,0,0,0,0
2018-07-01,Serbia,12,8,20,0,0.38,0.15,15,9,24,0,0
2018-07-01,Singapore,3,6,9,0,0.33,0.22,3,7,10,0,0
2018-07-01,Slovenia,1,0,1,0,(null),0,0,0,0,0,0
2018-07-01,South Korea,122,13,135,0.11,0.15,0.12,212,25,237,0,0
2018-07-01,Spain,91,0,91,0.21,(null),0.21,0,0,0,48,38
2018-07-01,Sweden,8,3,11,0.38,0.67,0.45,9,3,12,1,1
2018-07-01,Switzerland,3,2,5,0,0,0,15,2,17,1,1
2018-07-01,Taiwan,0,1,1,(null),0,0,0,1,1,0,0
2018-07-01,Thailand,1,0,1,0,(null),0,0,0,0,0,0
2018-07-01,Turkey,270,7,277,0,0,0,505,7,512,0,0
2018-07-01,United Arab Emirates,1,2,3,0,1,0.67,1,2,3,0,0
2018-07-01,United Kingdom,376,505,881,0.68,0.8,0.75,549,536,1085,82,27
2018-07-01,United States,1624,468,2092,0.79,0.51,0.73,3294,567,3861,3265,1187
2018-01-01,Argentina,54,8,62,0.07,0.13,0.08,61,11,72,19,14
2018-01-01,Australia,15,9,24,0.47,0.56,0.5,80,12,92,41,14
2018-01-01,Austria,2,1,3,0,1,0.33,2,1,3,0,0
2018-01-01,Bangladesh,1,0,1,0,(null),0,0,0,0,0,0
2018-01-01,Belgium,17,0,17,0.76,(null),0.76,0,0,0,0,0
2018-01-01,Brazil,41,4,45,0.34,0,0.31,73,4,77,1,1
2018-01-01,Bulgaria,0,1,1,(null),0,0,0,1,1,0,0
2018-01-01,Canada,3,34,37,0.67,0.71,0.7,5,37,42,46,18
2018-01-01,Chile,0,1,1,(null),0,0,0,1,1,0,0
2018-01-01,Colombia,9,8,17,0,0,0,13,31,44,1,1
2018-01-01,Czech Republic,0,0,0,(null),(null),(null),0,0,0,4,2
2018-01-01,Dominican Republic,3,11,14,0,0,0,4,11,15,0,0
2018-01-01,Ecuador,6,0,6,0,(null),0,0,0,0,0,0
2018-01-01,El Salvador,3,1,4,0,0,0,10,1,11,2,2
2018-01-01,Finland,3,0,3,0.33,(null),0.33,0,0,0,0,0
2018-01-01,France,365,66,431,0.55,0.61,0.56,516,207,723,5,2
2018-01-01,Germany,289,31,320,0.23,0.52,0.26,568,37,605,19,6
2018-01-01,Greece,11,6,17,0.09,0.67,0.29,13,6,19,5,2
2018-01-01,Guatemala,1,0,1,0,(null),0,0,0,0,0,0
2018-01-01,Hong Kong SAR,2,0,2,0,(null),0,0,0,0,0,0
2018-01-01,Hungary,3,0,3,0,(null),0,0,0,0,0,0
2018-01-01,India,306,49,355,0.12,0.04,0.11,536,59,595,28,23
2018-01-01,Indonesia,1,16,17,0,0.25,0.24,1,16,17,0,0
2018-01-01,Ireland,8,3,11,0.38,0,0.27,8,3,11,14,5
2018-01-01,Israel,1,7,8,0,0.14,0.13,1,8,9,0,0
2018-01-01,Italy,53,14,67,0.34,0.43,0.36,104,14,118,8,5
2018-01-01,Japan,1178,248,1426,0.7,0.55,0.67,1583,324,1907,0,0
2018-01-01,Jordan,0,3,3,(null),0,0,0,3,3,0,0
2018-01-01,Kenya,0,1,1,(null),0,0,0,1,1,0,0
2018-01-01,Kuwait,1,1,2,0,1,0.5,4,1,5,0,0
2018-01-01,Lebanon,1,0,1,0,(null),0,0,0,0,0,0
2018-01-01,Macedonia,1,0,1,0,(null),0,0,0,0,0,0
2018-01-01,Maldives,6,5,11,0,0,0,6,5,11,0,0
2018-01-01,Malta,4,0,4,0,(null),0,0,0,0,0,0
2018-01-01,Mexico,26,8,34,0.15,0.63,0.26,569,12,581,19,8
2018-01-01,Netherlands,7,2,9,0.43,0.5,0.44,11,3,14,5,5
2018-01-01,New Zealand,0,1,1,(null),1,1,0,1,1,2,1
2018-01-01,Oman,0,1,1,(null),0,0,0,2,2,0,0
2018-01-01,Pakistan,18,4,22,0,0,0,50,4,54,8,2
2018-01-01,Peru,0,1,1,(null),0,0,0,1,1,0,0
2018-01-01,Philippines,0,1,1,(null),0,0,0,1,1,0,0
2018-01-01,Poland,13,5,18,0,0.2,0.06,28,6,34,2,1
2018-01-01,Portugal,4,0,4,0.5,(null),0.5,0,0,0,1,1
2018-01-01,Romania,0,1,1,(null),0,0,0,1,1,0,0
2018-01-01,Saudi Arabia,1,2,3,0,0,0,1,2,3,0,0
2018-01-01,Serbia,2,5,7,0,0,0,2,5,7,0,0
2018-01-01,Singapore,4,2,6,0,1,0.33,4,3,7,0,0
2018-01-01,South Korea,76,16,92,0.12,0.31,0.15,156,16,172,0,0
2018-01-01,Spain,140,2,142,0.34,0.5,0.34,232,3,235,89,57
2018-01-01,Sweden,13,0,13,0.38,(null),0.38,0,0,0,0,0
2018-01-01,Switzerland,2,2,4,0.5,0.5,0.5,2,2,4,3,2
2018-01-01,Turkey,428,17,445,0,0,0,744,21,765,2,2
2018-01-01,United Arab Emirates,0,7,7,(null),0.29,0.29,0,8,8,0,0
2018-01-01,United Kingdom,416,531,947,0.66,0.73,0.7,548,707,1255,37,25
2018-01-01,United States,1787,444,2231,0.81,0.55,0.76,8723,503,9226,3241,1170
2017-07-01,Albania,1,0,1,0,(null),0,0,0,0,0,0
2017-07-01,Argentina,58,22,80,0.02,0.32,0.1,77,23,100,4,4
2017-07-01,Australia,13,3,16,0.38,0.33,0.38,48,7,55,50,13
2017-07-01,Austria,4,3,7,0.75,0,0.43,4,3,7,0,0
2017-07-01,Belgium,20,5,25,0.6,0.8,0.64,28,6,34,3,2
2017-07-01,Brazil,56,4,60,0.29,0,0.27,96,4,100,4,3
2017-07-01,Canada,2,22,24,0,0.91,0.83,2,22,24,12,8
2017-07-01,Chile,1,1,2,0,0,0,1,1,2,0,0
2017-07-01,Colombia,6,14,20,0,0,0,7,13,20,0,0
2017-07-01,Croatia,0,1,1,(null),0,0,0,1,1,0,0
2017-07-01,Denmark,2,0,2,0,(null),0,0,0,0,0,0
2017-07-01,Dominican Republic,2,1,3,0,0,0,2,1,3,0,0
2017-07-01,Egypt,0,2,2,(null),0,0,0,2,2,0,0
2017-07-01,El Salvador,1,3,4,0,0,0,1,3,4,0,0
2017-07-01,Finland,4,2,6,0.75,1,0.83,10,2,12,7,3
2017-07-01,France,328,28,356,0.65,0.64,0.65,452,35,487,2,2
2017-07-01,Germany,215,22,237,0.29,0.32,0.29,385,22,407,12,8
2017-07-01,Greece,6,0,6,0,(null),0,0,0,0,1,1
2017-07-01,Guatemala,0,1,1,(null),0,0,0,1,1,0,0
2017-07-01,Hong Kong SAR,1,1,2,0,0,0,2,3,5,0,0
2017-07-01,Hungary,1,0,1,0,(null),0,0,0,0,0,0
2017-07-01,India,297,18,315,0.16,0,0.15,753,19,772,15,12
2017-07-01,Indonesia,3,10,13,0,0.2,0.15,3,11,14,0,0
2017-07-01,Ireland,5,0,5,0.2,(null),0.2,0,0,0,46,7
2017-07-01,Israel,4,1,5,0,1,0.2,6,2,8,0,0
2017-07-01,Italy,41,45,86,0.29,0.64,0.48,56,59,115,6,5
2017-07-01,Japan,1309,209,1518,0.68,0.63,0.67,1784,229,2013,0,0
2017-07-01,Jordan,0,10,10,(null),0,0,0,14,14,0,0
2017-07-01,Kuwait,2,3,5,0,0.33,0.2,4,3,7,0,0
2017-07-01,Luxembourg,0,0,0,(null),(null),(null),0,0,0,1,1
2017-07-01,Maldives,8,0,8,0,(null),0,0,0,0,0,0
2017-07-01,Mexico,8,13,21,0,0.77,0.48,20,13,33,2,2
2017-07-01,Netherlands,4,5,9,0.25,0.6,0.44,12,5,17,8,5
2017-07-01,Pakistan,13,11,24,0,0,0,14,11,25,6,5
2017-07-01,Panama,0,2,2,(null),0,0,0,2,2,0,0
2017-07-01,Paraguay,1,1,2,0,0,0,1,1,2,0,0
2017-07-01,Philippines,0,1,1,(null),0,0,0,1,1,0,0
2017-07-01,Poland,5,4,9,0,0,0,5,4,9,0,0
2017-07-01,Portugal,4,1,5,0.5,1,0.6,4,1,5,0,0
2017-07-01,Qatar,6,1,7,0,0,0,9,1,10,1,1
2017-07-01,Saudi Arabia,0,30,30,(null),0.23,0.23,0,44,44,0,0
2017-07-01,Serbia,2,9,11,0,0,0,2,14,16,0,0
2017-07-01,Singapore,7,4,11,0,0.5,0.18,7,4,11,1,1
2017-07-01,South Korea,63,29,92,0.3,0.66,0.41,108,29,137,4,4
2017-07-01,Spain,119,8,127,0.37,0.38,0.37,277,13,290,72,23
2017-07-01,Sweden,10,2,12,0.7,0.5,0.67,11,2,13,1,1
2017-07-01,Switzerland,1,0,1,1,(null),1,0,0,0,0,0
2017-07-01,Turkey,499,31,530,0,0,0,2550,33,2583,37,1
2017-07-01,United Arab Emirates,0,29,29,(null),0.41,0.41,0,32,32,0,0
2017-07-01,United Kingdom,489,271,760,0.66,0.63,0.65,669,505,1174,58,26
2017-07-01,United States,1486,275,1761,0.8,0.63,0.77,7828,348,8176,1885,981
2017-07-01,Uruguay,3,0,3,0,(null),0,0,0,0,0,0
2017-01-01,Argentina,38,19,57,0.03,0.32,0.12,43,21,64,5,5
2017-01-01,Australia,11,3,14,0.55,0,0.43,15,5,20,31,11
2017-01-01,Austria,0,1,1,(null),1,1,0,1,1,0,0
2017-01-01,Bahrain,0,6,6,(null),0,0,0,6,6,0,0
2017-01-01,Belgium,20,1,21,0.65,1,0.67,30,2,32,2,2
2017-01-01,Brazil,44,2,46,0.14,0,0.13,100,2,102,0,0
2017-01-01,Canada,2,34,36,0,0.71,0.67,3,34,37,30,9
2017-01-01,Chile,0,1,1,(null),0,0,0,1,1,0,0
2017-01-01,Colombia,2,16,18,0,0.13,0.11,2,17,19,1,1
2017-01-01,Denmark,1,0,1,0,(null),0,0,0,0,0,0
2017-01-01,Dominican Republic,7,3,10,0,0,0,8,3,11,0,0
2017-01-01,Ecuador,0,1,1,(null),0,0,0,1,1,0,0
2017-01-01,Egypt,0,1,1,(null),0,0,0,1,1,0,0
2017-01-01,Estonia,1,0,1,0,(null),0,0,0,0,0,0
2017-01-01,France,427,47,474,0.69,0.62,0.68,499,73,572,1,1
2017-01-01,Germany,238,17,255,0.36,0.65,0.38,294,17,311,0,0
2017-01-01,Greece,6,2,8,0,0.5,0.13,19,2,21,17,4
2017-01-01,Guatemala,0,2,2,(null),0.5,0.5,0,2,2,0,0
2017-01-01,Honduras,0,1,1,(null),0,0,0,1,1,0,0
2017-01-01,Hong Kong SAR,2,0,2,0,(null),0,0,0,0,0,0
2017-01-01,India,231,30,261,0.23,0.1,0.21,613,46,659,11,3
2017-01-01,Indonesia,0,9,9,(null),0.33,0.33,0,11,11,0,0
2017-01-01,Ireland,3,0,3,1,(null),1,0,0,0,27,11
2017-01-01,Israel,2,2,4,0,0.5,0.25,4,2,6,4,2
2017-01-01,Italy,51,98,149,0.51,0.92,0.78,63,121,184,2,1
2017-01-01,Japan,1232,152,1384,0.64,0.71,0.65,1807,186,1993,0,0
2017-01-01,Jordan,0,5,5,(null),0.4,0.4,0,18,18,0,0
2017-01-01,Kuwait,0,7,7,(null),0.43,0.43,0,8,8,0,0
2017-01-01,Malaysia,0,1,1,(null),0,0,0,1,1,0,0
2017-01-01,Mexico,7,12,19,0,0.58,0.37,30,29,59,2,1
2017-01-01,Nepal,0,3,3,(null),0.33,0.33,0,3,3,0,0
2017-01-01,Netherlands,5,11,16,0.2,0.55,0.44,10,41,51,23,15
2017-01-01,New Zealand,0,1,1,(null),1,1,0,1,1,1,1
2017-01-01,Nigeria,0,2,2,(null),0.5,0.5,0,2,2,0,0
2017-01-01,Pakistan,5,2,7,0,0,0,58,2,60,0,0
2017-01-01,Panama,1,1,2,0,0,0,1,1,2,0,0
2017-01-01,Philippines,0,2,2,(null),0,0,0,2,2,1,1
2017-01-01,Poland,0,2,2,(null),0,0,0,2,2,0,0
2017-01-01,Portugal,3,0,3,0.33,(null),0.33,0,0,0,0,0
2017-01-01,Russia,2,0,2,0,(null),0,0,0,0,0,0
2017-01-01,Saudi Arabia,0,46,46,(null),0.74,0.74,0,52,52,0,0
2017-01-01,Serbia,0,12,12,(null),0.33,0.33,0,12,12,0,0
2017-01-01,Singapore,2,5,7,0,0.6,0.43,2,5,7,0,0
2017-01-01,South Korea,70,5,75,0.24,0.2,0.24,92,6,98,7,4
2017-01-01,Spain,151,1,152,0.58,0,0.57,300,1,301,84,22
2017-01-01,Sweden,14,1,15,0.71,1,0.73,17,1,18,1,1
2017-01-01,Switzerland,0,1,1,(null),0,0,0,1,1,0,0
2017-01-01,Taiwan,0,1,1,(null),0,0,0,1,1,0,0
2017-01-01,Turkey,523,31,554,0,0,0,867,35,902,0,0
2017-01-01,Ukraine,0,1,1,(null),0,0,0,1,1,0,0
2017-01-01,United Arab Emirates,0,27,27,(null),0.33,0.33,0,27,27,0,0
2017-01-01,United Kingdom,498,108,606,0.8,0.77,0.79,580,239,819,54,39
2017-01-01,United States,1743,368,2111,0.78,0.74,0.77,4153,441,4594,2210,1094
2017-01-01,Uruguay,1,0,1,0,(null),0,0,0,0,0,0
2016-07-01,Argentina,44,32,76,0,0.63,0.26,52,35,87,0,0
2016-07-01,Australia,17,5,22,0.59,0.8,0.64,30,6,36,28,14
2016-07-01,Austria,0,1,1,(null),1,1,0,1,1,0,0
2016-07-01,Bangladesh,0,4,4,(null),1,1,0,4,4,0,0
2016-07-01,Belgium,16,5,21,0.44,0.6,0.48,67,5,72,1,1
2016-07-01,Brazil,46,0,46,0.26,(null),0.26,0,0,0,5,2
2016-07-01,Canada,1,50,51,0,0.82,0.8,1,51,52,22,13
2016-07-01,Chile,1,5,6,0,0,0,1,5,6,0,0
2016-07-01,Colombia,2,22,24,0,0.23,0.21,3,28,31,2,2
2016-07-01,Denmark,2,0,2,1,(null),1,0,0,0,0,0
2016-07-01,Ecuador,0,1,1,(null),1,1,0,1,1,0,0
2016-07-01,Estonia,1,0,1,0,(null),0,0,0,0,0,0
2016-07-01,France,445,56,501,0.69,0.73,0.69,525,62,587,5,3
2016-07-01,Germany,247,28,275,0.51,0.79,0.54,371,33,404,1,1
2016-07-01,Greece,2,2,4,0,0.5,0.25,6,2,8,2,2
2016-07-01,Guatemala,0,5,5,(null),0,0,0,5,5,0,0
2016-07-01,India,151,17,168,0.25,0.12,0.23,403,24,427,133,17
2016-07-01,Indonesia,1,11,12,0,0.45,0.42,1,11,12,0,0
2016-07-01,Ireland,4,0,4,0.25,(null),0.25,0,0,0,9,4
2016-07-01,Israel,0,1,1,(null),1,1,0,1,1,0,0
2016-07-01,Italy,33,4,37,0.24,0.5,0.27,58,5,63,2,2
2016-07-01,Japan,790,187,977,0.64,0.65,0.64,1007,209,1216,0,0
2016-07-01,Jordan,0,8,8,(null),0.5,0.5,0,9,9,0,0
2016-07-01,Kuwait,1,6,7,0,0.5,0.43,0,13,13,0,0
2016-07-01,Lebanon,1,1,2,0,0,0,1,1,2,0,0
2016-07-01,Malaysia,0,1,1,(null),0,0,0,1,1,0,0
2016-07-01,Malta,0,1,1,(null),1,1,0,1,1,0,0
2016-07-01,Mexico,12,7,19,0,0.57,0.21,24,9,33,0,0
2016-07-01,Netherlands,2,17,19,0.5,0.82,0.79,2,17,19,6,6
2016-07-01,New Zealand,0,0,0,(null),(null),(null),0,0,0,1,1
2016-07-01,Nigeria,0,1,1,(null),0,0,0,1,1,0,0
2016-07-01,Pakistan,2,2,4,0,0,0,36,2,38,0,0
2016-07-01,Philippines,0,0,0,(null),(null),(null),0,0,0,2,2
2016-07-01,Poland,1,9,10,0,0.33,0.3,1,9,10,0,0
2016-07-01,Portugal,1,0,1,1,(null),1,0,0,0,0,0
2016-07-01,Qatar,2,0,2,0,(null),0,0,0,0,0,0
2016-07-01,Saudi Arabia,0,45,45,(null),0.78,0.78,0,58,58,0,0
2016-07-01,Serbia,0,12,12,(null),0.17,0.17,0,13,13,0,0
2016-07-01,Singapore,0,3,3,(null),0.33,0.33,0,6,6,0,0
2016-07-01,South Korea,28,18,46,0.5,0.61,0.54,62,20,82,0,0
2016-07-01,Spain,124,6,130,0.61,0.83,0.62,264,14,278,56,18
2016-07-01,Sweden,12,3,15,0.58,0.33,0.53,23,5,28,1,1
2016-07-01,Switzerland,2,1,3,0.5,1,0.67,3,1,4,0,0
2016-07-01,Taiwan,0,1,1,(null),0,0,0,1,1,0,0
2016-07-01,Turkey,458,35,493,0,0,0,1011,65,1076,0,0
2016-07-01,Ukraine,0,1,1,(null),0,0,0,1,1,0,0
2016-07-01,United Arab Emirates,0,13,13,(null),0.69,0.69,0,13,13,0,0
2016-07-01,United Kingdom,575,106,681,0.79,0.81,0.79,792,225,1017,32,26
2016-07-01,United States,1892,412,2304,0.82,0.8,0.82,5112,506,5618,1949,1042
2016-07-01,Venezuela,1,0,1,0,(null),0,0,0,0,0,0
2016-01-01,Argentina,0,0,18,(null),(null),0.22,0,0,33,0,0
2016-01-01,Australia,0,0,34,(null),(null),0.62,0,0,47,0,0
2016-01-01,Austria,0,0,1,(null),(null),0,0,0,1,0,0
2016-01-01,Bahrain,0,0,3,(null),(null),0,0,0,3,0,0
2016-01-01,Belgium,0,0,67,(null),(null),0.88,0,0,75,0,0
2016-01-01,Bermuda,0,0,1,(null),(null),0,0,0,1,0,0
2016-01-01,Brazil,0,0,50,(null),(null),0.52,0,0,259,0,0
2016-01-01,Canada,0,0,65,(null),(null),0.91,0,0,69,0,0
2016-01-01,Chile,0,0,2,(null),(null),0.5,0,0,2,0,0
2016-01-01,Colombia,0,0,20,(null),(null),0.1,0,0,32,0,0
2016-01-01,Czech Republic,0,0,1,(null),(null),0,0,0,2,0,0
2016-01-01,Denmark,0,0,4,(null),(null),0.75,0,0,10,0,0
2016-01-01,Dominican Republic,0,0,2,(null),(null),0,0,0,2,0,0
2016-01-01,Ecuador,0,0,2,(null),(null),0.5,0,0,5,0,0
2016-01-01,El Salvador,0,0,4,(null),(null),0,0,0,4,0,0
2016-01-01,Estonia,0,0,1,(null),(null),0,0,0,1,0,0
2016-01-01,Finland,0,0,1,(null),(null),1,0,0,1,0,0
2016-01-01,France,0,0,572,(null),(null),0.76,0,0,687,0,0
2016-01-01,Germany,0,0,111,(null),(null),0.58,0,0,165,0,0
2016-01-01,Greece,0,0,6,(null),(null),0.33,0,0,7,0,0
2016-01-01,Hong Kong SAR,0,0,1,(null),(null),0,0,0,1,0,0
2016-01-01,India,0,0,139,(null),(null),0.31,0,0,495,0,0
2016-01-01,Indonesia,0,0,6,(null),(null),0.67,0,0,6,0,0
2016-01-01,Ireland,0,0,4,(null),(null),0.75,0,0,4,0,0
2016-01-01,Israel,0,0,3,(null),(null),0.33,0,0,6,0,0
2016-01-01,Italy,0,0,58,(null),(null),0.47,0,0,80,0,0
2016-01-01,Japan,0,0,732,(null),(null),0.61,0,0,988,0,0
2016-01-01,Jordan,0,0,5,(null),(null),0.2,0,0,5,0,0
2016-01-01,Kenya,0,0,1,(null),(null),1,0,0,1,0,0
2016-01-01,Kuwait,0,0,5,(null),(null),0.4,0,0,5,0,0
2016-01-01,Lebanon,0,0,3,(null),(null),0,0,0,3,0,0
2016-01-01,Lithuania,0,0,1,(null),(null),0,0,0,1,0,0
2016-01-01,Macedonia,0,0,2,(null),(null),0,0,0,2,0,0
2016-01-01,Malaysia,0,0,4,(null),(null),0.25,0,0,4,0,0
2016-01-01,Malta,0,0,2,(null),(null),0,0,0,2,0,0
2016-01-01,Mexico,0,0,6,(null),(null),0,0,0,29,0,0
2016-01-01,Mongolia,0,0,1,(null),(null),0,0,0,1,0,0
2016-01-01,Netherlands,0,0,8,(null),(null),0.38,0,0,11,0,0
2016-01-01,Nigeria,0,0,1,(null),(null),1,0,0,1,0,0
2016-01-01,Norway,0,0,2,(null),(null),1,0,0,2,0,0
2016-01-01,Pakistan,0,0,6,(null),(null),0,0,0,22,0,0
2016-01-01,Philippines,0,0,1,(null),(null),0,0,0,1,0,0
2016-01-01,Poland,0,0,4,(null),(null),0,0,0,8,0,0
2016-01-01,Portugal,0,0,3,(null),(null),0,0,0,3,0,0
2016-01-01,Qatar,0,0,1,(null),(null),0,0,0,1,0,0
2016-01-01,Russia,0,0,2,(null),(null),0,0,0,2,0,0
2016-01-01,Saudi Arabia,0,0,99,(null),(null),0.85,0,0,156,0,0
2016-01-01,Serbia,0,0,5,(null),(null),0.2,0,0,6,0,0
2016-01-01,Singapore,0,0,7,(null),(null),0.57,0,0,7,0,0
2016-01-01,South Korea,0,0,23,(null),(null),0.39,0,0,39,0,0
2016-01-01,Spain,0,0,117,(null),(null),0.57,0,0,295,0,0
2016-01-01,Sweden,0,0,7,(null),(null),0.57,0,0,9,0,0
2016-01-01,Switzerland,0,0,2,(null),(null),0.5,0,0,2,0,0
2016-01-01,Turkey,0,0,280,(null),(null),0,0,0,443,0,0
2016-01-01,United Arab Emirates,0,0,19,(null),(null),0.26,0,0,25,0,0
2016-01-01,United Kingdom,0,0,631,(null),(null),0.76,0,0,1071,0,0
2016-01-01,United States,0,0,2520,(null),(null),0.82,0,0,8009,0,0
2015-07-01,Argentina,0,0,4,(null),(null),0,0,0,14,0,0
2015-07-01,Australia,0,0,16,(null),(null),0.44,0,0,22,0,0
2015-07-01,Bangladesh,0,0,10,(null),(null),0.6,0,0,25,0,0
2015-07-01,Belgium,0,0,11,(null),(null),0.82,0,0,11,0,0
2015-07-01,Brazil,0,0,31,(null),(null),0.42,0,0,56,0,0
2015-07-01,Canada,0,0,50,(null),(null),0.78,0,0,58,0,0
2015-07-01,Chile,0,0,1,(null),(null),0,0,0,2,0,0
2015-07-01,Colombia,0,0,12,(null),(null),0.08,0,0,13,0,0
2015-07-01,Croatia,0,0,1,(null),(null),0,0,0,1,0,0
2015-07-01,Czech Republic,0,0,3,(null),(null),0,0,0,3,0,0
2015-07-01,Denmark,0,0,1,(null),(null),0,0,0,2,0,0
2015-07-01,Dominican Republic,0,0,5,(null),(null),0.2,0,0,5,0,0
2015-07-01,Ecuador,0,0,3,(null),(null),0,0,0,5,0,0
2015-07-01,Finland,0,0,3,(null),(null),1,0,0,5,0,0
2015-07-01,France,0,0,707,(null),(null),0.61,0,0,866,0,0
2015-07-01,Germany,0,0,69,(null),(null),0.55,0,0,80,0,0
2015-07-01,Greece,0,0,8,(null),(null),0.13,0,0,8,0,0
2015-07-01,India,0,0,141,(null),(null),0.42,0,0,333,0,0
2015-07-01,Ireland,0,0,2,(null),(null),0,0,0,14,0,0
2015-07-01,Israel,0,0,4,(null),(null),0.25,0,0,4,0,0
2015-07-01,Italy,0,0,40,(null),(null),0.55,0,0,82,0,0
2015-07-01,Japan,0,0,445,(null),(null),0.54,0,0,636,0,0
2015-07-01,Kuwait,0,0,19,(null),(null),0.63,0,0,45,0,0
2015-07-01,Lebanon,0,0,1,(null),(null),1,0,0,1,0,0
2015-07-01,Luxembourg,0,0,1,(null),(null),1,0,0,2,0,0
2015-07-01,Malaysia,0,0,2,(null),(null),0,0,0,2,0,0
2015-07-01,Maldives,0,0,1,(null),(null),1,0,0,1,0,0
2015-07-01,Malta,0,0,1,(null),(null),0,0,0,1,0,0
2015-07-01,Mexico,0,0,8,(null),(null),0.25,0,0,10,0,0
2015-07-01,Montenegro,0,0,1,(null),(null),0,0,0,1,0,0
2015-07-01,Netherlands,0,0,12,(null),(null),0.58,0,0,14,0,0
2015-07-01,New Zealand,0,0,1,(null),(null),0,0,0,2,0,0
2015-07-01,Nigeria,0,0,1,(null),(null),1,0,0,1,0,0
2015-07-01,Pakistan,0,0,1,(null),(null),0,0,0,1,0,0
2015-07-01,Portugal,0,0,1,(null),(null),0,0,0,1,0,0
2015-07-01,Russia,0,0,82,(null),(null),0,0,0,87,0,0
2015-07-01,Saudi Arabia,0,0,113,(null),(null),0.85,0,0,167,0,0
2015-07-01,Serbia,0,0,6,(null),(null),0.17,0,0,6,0,0
2015-07-01,Singapore,0,0,8,(null),(null),0.5,0,0,9,0,0
2015-07-01,South Korea,0,0,44,(null),(null),0.43,0,0,111,0,0
2015-07-01,Spain,0,0,125,(null),(null),0.5,0,0,287,0,0
2015-07-01,Sweden,0,0,1,(null),(null),1,0,0,1,0,0
2015-07-01,Switzerland,0,0,1,(null),(null),1,0,0,1,0,0
2015-07-01,Turkey,0,0,403,(null),(null),0,0,0,718,0,0
2015-07-01,United Arab Emirates,0,0,60,(null),(null),0.43,0,0,71,0,0
2015-07-01,United Kingdom,0,0,427,(null),(null),0.76,0,0,956,0,0
2015-07-01,United States,0,0,2673,(null),(null),0.79,0,0,7435,0,0
2015-01-01,Argentina,0,0,3,(null),(null),0,0,0,3,0,0
2015-01-01,Australia,0,0,9,(null),(null),0.89,0,0,10,0,0
2015-01-01,Belgium,0,0,5,(null),(null),0.4,0,0,7,0,0
2015-01-01,Brazil,0,0,52,(null),(null),0.29,0,0,102,0,0
2015-01-01,Bulgaria,0,0,1,(null),(null),0,0,0,1,0,0
2015-01-01,Canada,0,0,35,(null),(null),0.63,0,0,47,0,0
2015-01-01,Colombia,0,0,11,(null),(null),0.18,0,0,15,0,0
2015-01-01,Cyprus,0,0,1,(null),(null),0,0,0,1,0,0
2015-01-01,Dominican Republic,0,0,8,(null),(null),0.13,0,0,8,0,0
2015-01-01,Ecuador,0,0,1,(null),(null),0,0,0,1,0,0
2015-01-01,France,0,0,139,(null),(null),0.4,0,0,238,0,0
2015-01-01,Germany,0,0,28,(null),(null),0.36,0,0,34,0,0
2015-01-01,Greece,0,0,11,(null),(null),0,0,0,15,0,0
2015-01-01,India,0,0,113,(null),(null),0.19,0,0,2963,0,0
2015-01-01,Indonesia,0,0,1,(null),(null),0,0,0,1,0,0
2015-01-01,Ireland,0,0,1,(null),(null),0,0,0,2,0,0
2015-01-01,Italy,0,0,43,(null),(null),0.16,0,0,103,0,0
2015-01-01,Japan,0,0,425,(null),(null),0.42,0,0,529,0,0
2015-01-01,Kenya,0,0,1,(null),(null),0,0,0,1,0,0
2015-01-01,Kuwait,0,0,7,(null),(null),1,0,0,16,0,0
2015-01-01,Lebanon,0,0,1,(null),(null),0,0,0,3,0,0
2015-01-01,Mexico,0,0,7,(null),(null),0,0,0,9,0,0
2015-01-01,Netherlands,0,0,18,(null),(null),0.33,0,0,25,0,0
2015-01-01,Pakistan,0,0,3,(null),(null),0,0,0,3,0,0
2015-01-01,Poland,0,0,1,(null),(null),0,0,0,1,0,0
2015-01-01,Portugal,0,0,3,(null),(null),0,0,0,3,0,0
2015-01-01,Russia,0,0,43,(null),(null),0,0,0,46,0,0
2015-01-01,Saudi Arabia,0,0,93,(null),(null),0.69,0,0,112,0,0
2015-01-01,Serbia,0,0,3,(null),(null),0.33,0,0,3,0,0
2015-01-01,South Korea,0,0,30,(null),(null),0.57,0,0,53,0,0
2015-01-01,Spain,0,0,110,(null),(null),0.24,0,0,310,0,0
2015-01-01,Sweden,0,0,4,(null),(null),0.5,0,0,4,0,0
2015-01-01,Switzerland,0,0,3,(null),(null),0,0,0,4,0,0
2015-01-01,Turkey,0,0,412,(null),(null),0,0,0,670,0,0
2015-01-01,United Arab Emirates,0,0,2,(null),(null),0.5,0,0,2,0,0
2015-01-01,United Kingdom,0,0,299,(null),(null),0.52,0,0,1041,0,0
2015-01-01,United States,0,0,2436,(null),(null),0.8,0,0,6324,0,0
2014-07-01,Argentina,0,0,3,(null),(null),0.33,0,0,4,0,0
2014-07-01,Australia,0,0,10,(null),(null),0.5,0,0,10,0,0
2014-07-01,Belgium,0,0,1,(null),(null),0,0,0,1,0,0
2014-07-01,Belize,0,0,1,(null),(null),0,0,0,1,0,0
2014-07-01,Brazil,0,0,50,(null),(null),0.14,0,0,158,0,0
2014-07-01,Canada,0,0,32,(null),(null),0.34,0,0,37,0,0
2014-07-01,Colombia,0,0,3,(null),(null),0,0,0,4,0,0
2014-07-01,Denmark,0,0,3,(null),(null),0.33,0,0,3,0,0
2014-07-01,Egypt,0,0,1,(null),(null),0,0,0,2,0,0
2014-07-01,El Salvador,0,0,1,(null),(null),0,0,0,1,0,0
2014-07-01,France,0,0,60,(null),(null),0.13,0,0,81,0,0
2014-07-01,Germany,0,0,17,(null),(null),0.12,0,0,18,0,0
2014-07-01,Greece,0,0,3,(null),(null),0,0,0,5,0,0
2014-07-01,India,0,0,41,(null),(null),0.22,0,0,1938,0,0
2014-07-01,Israel,0,0,16,(null),(null),0.13,0,0,23,0,0
2014-07-01,Japan,0,0,288,(null),(null),0.36,0,0,343,0,0
2014-07-01,Kenya,0,0,1,(null),(null),0,0,0,1,0,0
2014-07-01,Kuwait,0,0,1,(null),(null),0,0,0,1,0,0
2014-07-01,Lebanon,0,0,3,(null),(null),0,0,0,3,0,0
2014-07-01,Mexico,0,0,7,(null),(null),0,0,0,64,0,0
2014-07-01,Netherlands,0,0,4,(null),(null),0.25,0,0,8,0,0
2014-07-01,New Zealand,0,0,1,(null),(null),0,0,0,2,0,0
2014-07-01,Norway,0,0,1,(null),(null),1,0,0,1,0,0
2014-07-01,Portugal,0,0,1,(null),(null),0,0,0,1,0,0
2014-07-01,Russia,0,0,108,(null),(null),0,0,0,108,0,0
2014-07-01,Saudi Arabia,0,0,31,(null),(null),0.06,0,0,36,0,0
2014-07-01,South Korea,0,0,4,(null),(null),0.5,0,0,4,0,0
2014-07-01,Spain,0,0,69,(null),(null),0.12,0,0,104,0,0
2014-07-01,Sweden,0,0,2,(null),(null),0,0,0,2,0,0
2014-07-01,Switzerland,0,0,3,(null),(null),0,0,0,3,0,0
2014-07-01,Turkey,0,0,356,(null),(null),0,0,0,496,0,0
2014-07-01,United Arab Emirates,0,0,11,(null),(null),0,0,0,11,0,0
2014-07-01,United Kingdom,0,0,116,(null),(null),0.34,0,0,371,0,0
2014-07-01,United States,0,0,1622,(null),(null),0.8,0,0,3299,0,0
2014-01-01,Albania,0,0,1,(null),(null),0,0,0,1,0,0
2014-01-01,Argentina,0,0,7,(null),(null),0,0,0,8,0,0
2014-01-01,Australia,0,0,2,(null),(null),1,0,0,2,0,0
2014-01-01,Bahrain,0,0,1,(null),(null),0,0,0,1,0,0
2014-01-01,Brazil,0,0,77,(null),(null),0.39,0,0,157,0,0
2014-01-01,Canada,0,0,30,(null),(null),0.23,0,0,33,0,0
2014-01-01,Chile,0,0,1,(null),(null),0,0,0,1,0,0
2014-01-01,Colombia,0,0,5,(null),(null),0.2,0,0,5,0,0
2014-01-01,Denmark,0,0,1,(null),(null),0,0,0,1,0,0
2014-01-01,Egypt,0,0,1,(null),(null),0,0,0,1,0,0
2014-01-01,France,0,0,36,(null),(null),0.08,0,0,51,0,0
2014-01-01,Germany,0,0,14,(null),(null),0.21,0,0,28,0,0
2014-01-01,Greece,0,0,16,(null),(null),0.13,0,0,37,0,0
2014-01-01,India,0,0,16,(null),(null),0.13,0,0,44,0,0
2014-01-01,Ireland,0,0,3,(null),(null),0.33,0,0,4,0,0
2014-01-01,Italy,0,0,10,(null),(null),0.2,0,0,19,0,0
2014-01-01,Japan,0,0,192,(null),(null),0.36,0,0,245,0,0
2014-01-01,Kuwait,0,0,5,(null),(null),0,0,0,5,0,0
2014-01-01,Lebanon,0,0,5,(null),(null),0,0,0,11,0,0
2014-01-01,Lithuania,0,0,1,(null),(null),0,0,0,1,0,0
2014-01-01,Malaysia,0,0,3,(null),(null),0,0,0,3,0,0
2014-01-01,Mexico,0,0,5,(null),(null),0,0,0,5,0,0
2014-01-01,Netherlands,0,0,5,(null),(null),0.2,0,0,8,0,0
2014-01-01,New Zealand,0,0,2,(null),(null),0.5,0,0,2,0,0
2014-01-01,Norway,0,0,1,(null),(null),0,0,0,1,0,0
2014-01-01,Oman,0,0,2,(null),(null),0,0,0,5,0,0
2014-01-01,Pakistan,0,0,2,(null),(null),0,0,0,2,0,0
2014-01-01,Saudi Arabia,0,0,189,(null),(null),0.01,0,0,196,0,0
2014-01-01,Singapore,0,0,1,(null),(null),0,0,0,2,0,0
2014-01-01,South Korea,0,0,6,(null),(null),0.17,0,0,6,0,0
2014-01-01,Spain,0,0,43,(null),(null),0.12,0,0,64,0,0
2014-01-01,Sri Lanka,0,0,1,(null),(null),0,0,0,1,0,0
2014-01-01,Switzerland,0,0,3,(null),(null),0,0,0,3,0,0
2014-01-01,Thailand,0,0,1,(null),(null),0,0,0,1,0,0
2014-01-01,Trinidad And Tobago,0,0,1,(null),(null),0,0,0,1,0,0
2014-01-01,Turkey,0,0,24,(null),(null),0,0,0,27,0,0
2014-01-01,United Arab Emirates,0,0,6,(null),(null),0,0,0,6,0,0
2014-01-01,United Kingdom,0,0,78,(null),(null),0.46,0,0,220,0,0
2014-01-01,United States,0,0,1257,(null),(null),0.72,0,0,1918,0,0
2014-01-01,Venezuela,0,0,4,(null),(null),0,0,0,5,0,0
2013-07-01,Argentina,0,0,1,(null),(null),0,0,0,1,0,0
2013-07-01,Australia,0,0,5,(null),(null),0.2,0,0,6,0,0
2013-07-01,Belgium,0,0,2,(null),(null),0.5,0,0,2,0,0
2013-07-01,Brazil,0,0,20,(null),(null),0.3,0,0,55,0,0
2013-07-01,Canada,0,0,18,(null),(null),0.56,0,0,19,0,0
2013-07-01,Colombia,0,0,4,(null),(null),0,0,0,7,0,0
2013-07-01,France,0,0,57,(null),(null),0.23,0,0,102,0,0
2013-07-01,Germany,0,0,3,(null),(null),0.33,0,0,3,0,0
2013-07-01,Greece,0,0,9,(null),(null),0.11,0,0,9,0,0
2013-07-01,Hong Kong SAR,0,0,1,(null),(null),0,0,0,1,0,0
2013-07-01,India,0,0,19,(null),(null),0.32,0,0,27,0,0
2013-07-01,Indonesia,0,0,1,(null),(null),0,0,0,1,0,0
2013-07-01,Italy,0,0,19,(null),(null),0,0,0,19,0,0
2013-07-01,Japan,0,0,213,(null),(null),0.23,0,0,253,0,0
2013-07-01,Kuwait,0,0,1,(null),(null),0,0,0,2,0,0
2013-07-01,Lebanon,0,0,3,(null),(null),0.67,0,0,6,0,0
2013-07-01,Malaysia,0,0,1,(null),(null),0,0,0,1,0,0
2013-07-01,Maldives,0,0,1,(null),(null),0,0,0,1,0,0
2013-07-01,Mexico,0,0,1,(null),(null),0,0,0,4,0,0
2013-07-01,Netherlands,0,0,9,(null),(null),0.56,0,0,14,0,0
2013-07-01,New Zealand,0,0,1,(null),(null),0,0,0,1,0,0
2013-07-01,Norway,0,0,1,(null),(null),1,0,0,1,0,0
2013-07-01,Oman,0,0,1,(null),(null),0,0,0,1,0,0
2013-07-01,Pakistan,0,0,1,(null),(null),0,0,0,1,0,0
2013-07-01,Qatar,0,0,1,(null),(null),0,0,0,1,0,0
2013-07-01,Saudi Arabia,0,0,110,(null),(null),0.05,0,0,12,0,0
2013-07-01,Singapore,0,0,2,(null),(null),0,0,0,2,0,0
2013-07-01,Spain,0,0,13,(null),(null),0,0,0,26,0,0
2013-07-01,Turkey,0,0,1,(null),(null),0,0,0,1,0,0
2013-07-01,United Arab Emirates,0,0,2,(null),(null),0,0,0,2,0,0
2013-07-01,United Kingdom,0,0,56,(null),(null),0.43,0,0,117,0,0
2013-07-01,United States,0,0,833,(null),(null),0.69,0,0,1323,0,0
2013-01-01,Argentina,0,0,2,(null),(null),0,0,0,2,0,0
2013-01-01,Australia,0,0,8,(null),(null),0.25,0,0,58,0,0
2013-01-01,Brazil,0,0,22,(null),(null),0.32,0,0,44,0,0
2013-01-01,Canada,0,0,12,(null),(null),0.17,0,0,13,0,0
2013-01-01,Ecuador,0,0,3,(null),(null),1,0,0,3,0,0
2013-01-01,France,0,0,18,(null),(null),0.11,0,0,35,0,0
2013-01-01,Germany,0,0,6,(null),(null),0.17,0,0,6,0,0
2013-01-01,Greece,0,0,8,(null),(null),0,0,0,9,0,0
2013-01-01,India,0,0,5,(null),(null),0,0,0,6,0,0
2013-01-01,Ireland,0,0,1,(null),(null),1,0,0,1,0,0
2013-01-01,Italy,0,0,22,(null),(null),0,0,0,22,0,0
2013-01-01,Japan,0,0,87,(null),(null),0.16,0,0,103,0,0
2013-01-01,Kuwait,0,0,1,(null),(null),0,0,0,1,0,0
2013-01-01,Mexico,0,0,11,(null),(null),0,0,0,19,0,0
2013-01-01,Netherlands,0,0,3,(null),(null),0.33,0,0,3,0,0
2013-01-01,Philippines,0,0,1,(null),(null),0,0,0,1,0,0
2013-01-01,Saudi Arabia,0,0,1,(null),(null),0,0,0,1,0,0
2013-01-01,Singapore,0,0,1,(null),(null),0,0,0,1,0,0
2013-01-01,South Korea,0,0,1,(null),(null),0,0,0,1,0,0
2013-01-01,Spain,0,0,13,(null),(null),0,0,0,14,0,0
2013-01-01,Switzerland,0,0,1,(null),(null),0,0,0,1,0,0
2013-01-01,Turkey,0,0,1,(null),(null),0,0,0,4,0,0
2013-01-01,United Kingdom,0,0,26,(null),(null),0.15,0,0,29,0,0
2013-01-01,United States,0,0,902,(null),(null),0.67,0,0,1319,0,0
2013-01-01,Venezuela,0,0,1,(null),(null),0,0,0,1,0,0
2012-07-01,Argentina,0,0,2,(null),(null),0,0,0,13,0,0
2012-07-01,Australia,0,0,5,(null),(null),0.2,0,0,5,0,0
2012-07-01,Brazil,0,0,34,(null),(null),0.12,0,0,43,0,0
2012-07-01,Canada,0,0,15,(null),(null),0.07,0,0,22,0,0
2012-07-01,Denmark,0,0,1,(null),(null),0,0,0,1,0,0
2012-07-01,France,0,0,12,(null),(null),0,0,0,54,0,0
2012-07-01,Germany,0,0,5,(null),(null),0,0,0,5,0,0
2012-07-01,Greece,0,0,8,(null),(null),0,0,0,15,0,0
2012-07-01,India,0,0,5,(null),(null),0,0,0,6,0,0
2012-07-01,Indonesia,0,0,1,(null),(null),0,0,0,1,0,0
2012-07-01,Ireland,0,0,2,(null),(null),0,0,0,2,0,0
2012-07-01,Israel,0,0,1,(null),(null),0,0,0,1,0,0
2012-07-01,Italy,0,0,3,(null),(null),0,0,0,4,0,0
2012-07-01,Japan,0,0,62,(null),(null),0.05,0,0,75,0,0
2012-07-01,Mexico,0,0,1,(null),(null),0,0,0,1,0,0
2012-07-01,Netherlands,0,0,3,(null),(null),0.33,0,0,3,0,0
2012-07-01,Qatar,0,0,1,(null),(null),0,0,0,1,0,0
2012-07-01,South Sudan,0,0,1,(null),(null),0,0,0,1,0,0
2012-07-01,Spain,0,0,5,(null),(null),0,0,0,6,0,0
2012-07-01,Switzerland,0,0,1,(null),(null),0,0,0,1,0,0
2012-07-01,Turkey,0,0,1,(null),(null),0,0,0,1,0,0
2012-07-01,United Kingdom,0,0,25,(null),(null),0.04,0,0,27,0,0
2012-07-01,United States,0,0,815,(null),(null),0.69,0,0,1145,0,0
2012-01-01,Australia,0,0,3,(null),(null),0.33,0,0,3,0,0
2012-01-01,Austria,0,0,1,(null),(null),0,0,0,1,0,0
2012-01-01,Brazil,0,0,5,(null),(null),0,0,0,6,0,0
2012-01-01,Bulgaria,0,0,1,(null),(null),0,0,0,1,0,0
2012-01-01,Canada,0,0,11,(null),(null),0.18,0,0,12,0,0
2012-01-01,France,0,0,6,(null),(null),0,0,0,6,0,0
2012-01-01,Germany,0,0,1,(null),(null),0,0,0,1,0,0
2012-01-01,Greece,0,0,3,(null),(null),0.33,0,0,3,0,0
2012-01-01,India,0,0,1,(null),(null),0,0,0,1,0,0
2012-01-01,Indonesia,0,0,1,(null),(null),0,0,0,1,0,0
2012-01-01,Italy,0,0,4,(null),(null),0,0,0,6,0,0
2012-01-01,Japan,0,0,98,(null),(null),0.2,0,0,147,0,0
2012-01-01,Mexico,0,0,5,(null),(null),0,0,0,5,0,0
2012-01-01,Netherlands,0,0,4,(null),(null),0.5,0,0,5,0,0
2012-01-01,Peru,0,0,1,(null),(null),0,0,0,1,0,0
2012-01-01,Portugal,0,0,2,(null),(null),0,0,0,4,0,0
2012-01-01,South Korea,0,0,1,(null),(null),0,0,0,7,0,0
2012-01-01,Spain,0,0,8,(null),(null),0,0,0,12,0,0
2012-01-01,Sweden,0,0,1,(null),(null),0,0,0,1,0,0
2012-01-01,Switzerland,0,0,1,(null),(null),0,0,0,1,0,0
2012-01-01,Turkey,0,0,1,(null),(null),0,0,0,1,0,0
2012-01-01,United Kingdom,0,0,11,(null),(null),0.18,0,0,11,0,0
2012-01-01,United States,0,0,679,(null),(null),0.75,0,0,948,0,0
,,,,,,,,,,,,
,,,,,,,,,,,,
Table 2/2: Non-Government Information Requests,,,,,,,,,,,,
Time period start,Country,Information requests,Compliance,Accounts specified,User notice,,,,,,,
2020-01-01,Austria,2,0,2,0,,,,,,,
2020-01-01,Belgium,1,0,0,0,,,,,,,
2020-01-01,Brazil,73,0.34,166,0.51,,,,,,,
2020-01-01,Canada,3,0.33,9,0.33,,,,,,,
2020-01-01,France,8,0.25,42,0,,,,,,,
2020-01-01,Germany,4,0,7,0.25,,,,,,,
2020-01-01,India,5,0.2,83,0,,,,,,,
2020-01-01,Ireland,6,0.17,8,0,,,,,,,
2020-01-01,Japan,134,0.62,222,0.59,,,,,,,
2020-01-01,Netherlands,1,0,0,0,,,,,,,
2020-01-01,Saudi Arabia,1,0,1,0,,,,,,,
2020-01-01,Spain,4,0,3,0,,,,,,,
2020-01-01,United Kingdom,6,0,11,0,,,,,,,
2020-01-01,United States,60,0.08,235,0.48,,,,,,,
2019-07-01,Australia,2,0,2,0,,,,,,,
2019-07-01,Austria,1,0,1,0,,,,,,,
2019-07-01,Brazil,62,0.27,228,0.24,,,,,,,
2019-07-01,Canada,2,0,3,0,,,,,,,
2019-07-01,Colombia,1,0,1,0,,,,,,,
2019-07-01,France,10,0.5,41,0.1,,,,,,,
2019-07-01,Germany,6,0,11,0,,,,,,,
2019-07-01,Hong Kong SAR,1,0,1,0,,,,,,,
2019-07-01,India,2,0,6,0,,,,,,,
2019-07-01,Ireland,3,0,12,0,,,,,,,
2019-07-01,Italy,1,0,1,0,,,,,,,
2019-07-01,Japan,105,0.71,280,0.7,,,,,,,
2019-07-01,Nigeria,1,0,7,0,,,,,,,
2019-07-01,South Africa,1,0,1,0,,,,,,,
2019-07-01,Spain,1,0,1,0,,,,,,,
2019-07-01,United Kingdom,7,0,7,0,,,,,,,
2019-07-01,United States,51,0.06,126,0.45,,,,,,,
2019-01-01,Austria,1,0,1,0,,,,,,,
2019-01-01,Belgium,1,0,5,0,,,,,,,
2019-01-01,Brazil,31,0.26,155,0.13,,,,,,,
2019-01-01,France,12,0.08,12,0.17,,,,,,,
2019-01-01,Germany,3,0,2,0,,,,,,,
2019-01-01,India,2,0.5,8,0.5,,,,,,,
2019-01-01,Italy,1,0,1,0,,,,,,,
2019-01-01,Japan,79,0.57,130,0.62,,,,,,,
2019-01-01,Mexico,1,0,1,0,,,,,,,
2019-01-01,Spain,1,0,0,0,,,,,,,
2019-01-01,United Kingdom,6,0.33,7,0.17,,,,,,,
2019-01-01,United States,62,0.1,204,0.47,,,,,,,
2018-07-01,Australia,2,0,3,0,,,,,,,
2018-07-01,Austria,2,0,2,0,,,,,,,
2018-07-01,Brazil,51,0.24,299,0.59,,,,,,,
2018-07-01,Canada,2,0,5,0,,,,,,,
2018-07-01,Colombia,1,0,1,0,,,,,,,
2018-07-01,France,8,0.5,10,0.63,,,,,,,
2018-07-01,Germany,1,0,1,0,,,,,,,
2018-07-01,India,7,0.71,484,0.57,,,,,,,
2018-07-01,Ireland,2,0.5,2,0.5,,,,,,,
2018-07-01,Italy,1,0,1,0,,,,,,,
2018-07-01,Japan,52,0.71,98,0.42,,,,,,,
2018-07-01,Poland,1,0,1,0,,,,,,,
2018-07-01,Spain,1,0,1,0,,,,,,,
2018-07-01,Turkey,1,0,2,0,,,,,,,
2018-07-01,United Kingdom,4,0.25,7,0.25,,,,,,,
2018-07-01,United States,69,0.16,117,0.43,,,,,,,
2018-01-01,Australia,2,0,2,0,,,,,,,
2018-01-01,Austria,1,0,2,0,,,,,,,
2018-01-01,Brazil,32,0.25,74,0.81,,,,,,,
2018-01-01,France,9,0.56,36,0,,,,,,,
2018-01-01,Germany,3,0,3,0,,,,,,,
2018-01-01,India,1,0,1,0,,,,,,,
2018-01-01,Ireland,3,0,3,0,,,,,,,
2018-01-01,Japan,58,0.71,347,0.6,,,,,,,
2018-01-01,Netherlands,2,0.5,2,0,,,,,,,
2018-01-01,Singapore,1,0,1,0,,,,,,,
2018-01-01,Spain,1,0,1,0,,,,,,,
2018-01-01,United Kingdom,10,0.2,15,0.2,,,,,,,
2018-01-01,United States,77,0.17,212,0.49,,,,,,,
2017-07-01,Australia,2,0.5,7,0,,,,,,,
2017-07-01,Brazil,29,0.07,93,0.69,,,,,,,
2017-07-01,Canada,3,0,3,0,,,,,,,
2017-07-01,Ecuador,1,0,1,0,,,,,,,
2017-07-01,France,9,0.56,56,0.22,,,,,,,
2017-07-01,Germany,3,0,5,0,,,,,,,
2017-07-01,India,3,0,4,0,,,,,,,
2017-07-01,Ireland,4,0.25,4,0.25,,,,,,,
2017-07-01,Japan,47,0.7,134,0.6,,,,,,,
2017-07-01,South Korea,1,0,2,0,,,,,,,
2017-07-01,Spain,1,0,2,0,,,,,,,
2017-07-01,United Kingdom,4,0,10,0,,,,,,,
2017-07-01,United States,72,0.22,361,0.56,,,,,,,
2017-01-01,Australia,3,0,6,0,,,,,,,
2017-01-01,Brazil,21,0.1,236,0.38,,,,,,,
2017-01-01,Canada,3,0,3,0,,,,,,,
2017-01-01,France,23,0.26,26,0.3,,,,,,,
2017-01-01,Germany,2,0,5,0,,,,,,,
2017-01-01,Ireland,2,0,2,0,,,,,,,
2017-01-01,Japan,29,0.72,58,0.66,,,,,,,
2017-01-01,Netherlands,1,0,4,0,,,,,,,
2017-01-01,Spain,2,0,4,0,,,,,,,
2017-01-01,United Kingdom,8,0,9,0,,,,,,,
2017-01-01,United States,52,0.17,84,0.54,,,,,,,
2016-07-01,Australia,1,0,1,0,,,,,,,
2016-07-01,Brazil,28,0.39,59,0.68,,,,,,,
2016-07-01,Canada,1,0,2,0,,,,,,,
2016-07-01,France,8,0.5,14,0.75,,,,,,,
2016-07-01,Germany,4,0,128,0,,,,,,,
2016-07-01,Ireland,1,0,1,0,,,,,,,
2016-07-01,Japan,31,0.74,41,0.55,,,,,,,
2016-07-01,South Africa,1,1,1,1,,,,,,,
2016-07-01,Spain,2,0,2,0,,,,,,,
2016-07-01,United Arab Emirates,1,0,3,0,,,,,,,
2016-07-01,United Kingdom,6,0,16,0,,,,,,,
2016-07-01,United States,62,0.06,129,0.53,,,,,,,
2016-01-01,Australia,1,0,1,0,,,,,,,
2016-01-01,Brazil,21,0.57,104,0.19,,,,,,,
2016-01-01,Colombia,1,0,1,0,,,,,,,
2016-01-01,France,10,0.4,24,0.5,,,,,,,
2016-01-01,India,1,0,2,0,,,,,,,
2016-01-01,Ireland,2,0,3,0,,,,,,,
2016-01-01,Japan,27,0.74,52,0.63,,,,,,,
2016-01-01,Kuwait,1,0,1,0,,,,,,,
2016-01-01,South Africa,1,0,1,0,,,,,,,
2016-01-01,Spain,5,0,5,0,,,,,,,
2016-01-01,United Kingdom,11,0.18,30,0.18,,,,,,,
2016-01-01,United States,50,0.24,111,0.64,,,,,,,
2015-07-01,Brazil,15,0.4,51,0.2,,,,,,,
2015-07-01,France,9,0.33,9,0.33,,,,,,,
2015-07-01,Germany,6,0,7,0,,,,,,,
2015-07-01,Japan,14,0.79,22,0.64,,,,,,,
2015-07-01,Netherlands,1,0,1,0,,,,,,,
2015-07-01,South Korea,1,0,1,0,,,,,,,
2015-07-01,Spain,1,0,1,0,,,,,,,
2015-07-01,Sweden,1,0,1,0,,,,,,,
2015-07-01,United Kingdom,5,0,12,0,,,,,,,
2015-07-01,United States,72,0.13,145,0.85,,,,,,,
2015-01-01,Worldwide,125,0.3,352,0,,,,,,,
2014-07-01,Worldwide,142,0.25,455,0,,,,,,,