Date,Name,Year,Letterboxd URI,Rating,Rewatch,Tags,Watched Date
2017-12-31,Christine,1983,https://boxd.it/n2lM7,5,,,2017-09-30
2017-12-15,Summer with Monika,1953,https://boxd.it/msMnh,,,,2017-12-14
2017-12-20,Chernobyl Diaries,2012,https://boxd.it/mDm0N,3,,,2017-12-19
2017-12-20,The Lost Boys,1987,https://boxd.it/mDmq7,3.5,,,2017-12-19
2017-12-27,The Neon Demon,2016,https://boxd.it/mRByt,2,,,2017-12-27
2017-12-29,Pixels,2015,https://boxd.it/mVT0n,0.5,,,2017-12-28
2017-12-31,Iron Man,2008,https://boxd.it/n2kvp,4,Yes,,2017-12-29
2017-12-31,Spectre,2015,https://boxd.it/n2jH5,3,Yes,,2017-12-31
2018-01-17,National Treasure,2004,https://boxd.it/nKjPr,5,Yes,,2018-01-16
2018-01-24,Inception,2010,https://boxd.it/o0Jsb,2.5,Yes,,2018-01-22
2018-01-27,"Three Billboards Outside Ebbing, Missouri",2017,https://boxd.it/o75MT,2,,,2018-01-22
2018-01-24,The Curious Case of Benjamin Button,2008,https://boxd.it/o10qV,3.5,Yes,,2018-01-23
2018-01-25,Jack Reacher: Never Go Back,2016,https://boxd.it/o2DFx,1,,,2018-01-24
2018-01-25,xXx: Return of Xander Cage,2017,https://boxd.it/o2QmD,1,,,2018-01-24
2018-01-27,Cop Car,2015,https://boxd.it/o6qO5,4.5,,,2018-01-25
2018-01-30,Shrek,2001,https://boxd.it/odZa9,5,Yes,,2018-01-28
2018-01-30,Return of the Jedi,1983,https://boxd.it/oeiGj,2,Yes,,2018-01-29
2018-01-30,Jaws,1975,https://boxd.it/oeGIj,2,Yes,,2018-01-29
2018-01-30,King Kong,2005,https://boxd.it/oeQRv,5,Yes,,2018-01-30
2018-02-01,Star Trek Beyond,2016,https://boxd.it/oiTKZ,3.5,Yes,,2018-02-01
2018-02-06,Ant-Man,2015,https://boxd.it/otokj,2.5,,,2018-02-05
2018-02-07,Need for Speed,2014,https://boxd.it/ov9ih,1.5,,,2018-02-06
2018-02-08,Where the Heart Is,2000,https://boxd.it/oxDar,5,,,2018-02-07
2018-02-09,Jurassic World,2015,https://boxd.it/ozbMh,1,,,2018-02-08
2018-02-09,Beauty and the Beast,1991,https://boxd.it/ozbN5,5,Yes,,2018-02-08
2018-02-09,Ocean's Thirteen,2007,https://boxd.it/ozO3Z,4,,,2018-02-09
2018-02-11,Winchester,2018,https://boxd.it/oDT7P,1,,,2018-02-10
2018-02-12,Cars 3,2017,https://boxd.it/oH2Lb,4,,,2018-02-12
2018-02-13,The Adventures of Tintin,2011,https://boxd.it/oHdEZ,3,,,2018-02-12
2018-02-13,Ocean's Eleven,2001,https://boxd.it/oIWWB,4.5,Yes,,2018-02-13
2018-02-15,The End of the Tour,2015,https://boxd.it/oMolJ,4,,,2018-02-14
2018-02-18,Mom and Dad,2017,https://boxd.it/oTP2N,5,,,2018-02-16
2018-02-25,Monsters vs Aliens,2009,https://boxd.it/p9U39,1,,,2018-02-24
2018-03-02,Evan Almighty,2007,https://boxd.it/pmCIp,0.5,,,2018-03-02
2018-03-04,Motocrossed,2001,https://boxd.it/prwuB,5,Yes,,2018-03-03
2018-03-08,Charlie and the Chocolate Factory,2005,https://boxd.it/pAlsH,4,,,2018-03-06
2018-03-15,The Princess Diaries,2001,https://boxd.it/pSf4Z,4,Yes,,2018-03-14
2018-03-31,Jason and the Argonauts,1963,https://boxd.it/qtKy1,4,,,2018-03-30
2018-04-02,Take Your Pills,2018,https://boxd.it/qyn8p,4,,,2018-04-01
2018-04-17,Helvetica,2007,https://boxd.it/r7xip,2.5,Yes,,2018-04-17
2018-04-17,Star Wars: The Last Jedi,2017,https://boxd.it/r7C0v,4.5,,,2018-04-17
2018-04-24,The Secret of NIMH,1982,https://boxd.it/rkFuf,4,Yes,,2018-04-23
2018-04-28,The Adventures of Ichabod and Mr. Toad,1949,https://boxd.it/rsvR5,2,,,2018-04-26
2018-04-28,Network,1976,https://boxd.it/rsw0h,5,,,2018-04-27
2018-04-28,A Man Called Ove,2015,https://boxd.it/rsZVB,4.5,,,2018-04-27
2018-04-30,Titanic,1997,https://boxd.it/rxnXp,4,Yes,,2018-04-28
2018-05-07,The Fast and the Furious,2001,https://boxd.it/rNEQd,5,Yes,,2018-05-05
2018-05-07,2 Fast 2 Furious,2003,https://boxd.it/rNO5B,5,Yes,,2018-05-06
2018-05-26,Solo: A Star Wars Story,2018,https://boxd.it/sokLB,2,,,2018-05-24
2018-06-05,The Bourne Ultimatum,2007,https://boxd.it/sKQqz,3,Yes,,2018-06-03
2018-06-07,Johnny Mnemonic,1995,https://boxd.it/sOWOl,2.5,Yes,,2018-06-07
2018-06-07,Starchaser: The Legend of Orin,1985,https://boxd.it/sP26p,0.5,,,2018-06-07
2018-06-08,The King's Speech,2010,https://boxd.it/sRhZN,5,Yes,,2018-06-08
2018-06-12,Tinker Tailor Soldier Spy,2011,https://boxd.it/sZ1Ol,4,Yes,,2018-06-11
2018-08-07,The Last Unicorn,1982,https://boxd.it/v2tER,4,,,2018-08-06
2018-10-05,Vertigo,1958,https://boxd.it/xf7sj,4,,,2018-10-03
2018-10-05,The Matrix,1999,https://boxd.it/xf7fp,4,,,2018-10-04
2018-10-08,Drugstore Cowboy,1989,https://boxd.it/xmQHn,4,,,2018-10-08
2018-10-28,Black Panther,2018,https://boxd.it/y8CeH,5,,,2018-10-27
2018-11-06,"I, Tonya",2017,https://boxd.it/yuqQD,5,,,2018-11-04
2018-12-03,Iron Man 3,2013,https://boxd.it/zAmrb,3.5,,,2018-12-01
2018-12-03,Batman v Superman: Dawn of Justice,2016,https://boxd.it/zAsbX,1,,,2018-12-02
2018-12-09,The American Meme,2018,https://boxd.it/zOrih,4,,,2018-12-08
2018-12-10,Dumplin',2018,https://boxd.it/zRC1H,5,,,2018-12-09
2018-12-29,Mary Queen of Scots,2018,https://boxd.it/AK9Z9,4,,,2018-12-28
2019-01-03,Avengers: Infinity War,2018,https://boxd.it/BaijN,1.5,,,2019-01-03
2019-01-03,Bird Box,2018,https://boxd.it/BazA7,3,,,2019-01-03
2019-01-16,Get Out,2017,https://boxd.it/C4ik9,5,,,2019-01-16
2019-01-25,Deathgasm,2015,https://boxd.it/CC0el,3.5,,,2019-01-22
2019-01-25,The Toxic Avenger,1984,https://boxd.it/CC0gV,5,Yes,,2019-01-23
2019-01-26,Polar,2019,https://boxd.it/CCe2t,1.5,,,2019-01-25
2019-03-14,The Time Machine,2002,https://boxd.it/FdG8B,4,Yes,,2019-03-13
2019-07-29,The Ugly Truth,2009,https://boxd.it/LXint,2.5,,,2019-07-28
2019-07-29,Max Keeble's Big Move,2001,https://boxd.it/LXw75,5,Yes,,2019-07-28
2019-07-31,The Body,2018,https://boxd.it/M4VLt,4,,,2019-07-31
2019-07-31,I'm Just F*cking with You,2019,https://boxd.it/M4VQD,5,,,2019-07-31
2019-08-21,Bob Lazar: Area 51 and Flying Saucers,2018,https://boxd.it/N95Ez,1,,,2019-08-20
2019-09-27,American Psycho,2000,https://boxd.it/P3VnB,4,Yes,,2019-09-26
2019-10-28,Joker,2019,https://boxd.it/QVUPB,4,,,2019-10-28
2019-11-13,Sherlock Holmes,2009,https://boxd.it/RUrcR,3,,,2019-11-13
2019-11-16,Home,2015,https://boxd.it/S3PJt,3.5,,sierra,2019-11-16
2019-11-29,The Abyss,1989,https://boxd.it/SQgND,4.5,Yes,sierra,2019-11-26
2019-12-02,Hit & Run,2012,https://boxd.it/T4Dlb,4,Yes,,2019-12-02
2019-12-09,Miracle on 34th Street,1994,https://boxd.it/TsI7L,5,Yes,,2019-12-08
2019-12-18,Hancock,2008,https://boxd.it/U4QvH,3.5,Yes,,2019-12-17
2020-01-11,Ready Player One,2018,https://boxd.it/WhcOD,0.5,,,2020-01-11
2020-01-13,Ocean's Eight,2018,https://boxd.it/WqwVx,5,,,2020-01-12
2020-01-15,Patton,1970,https://boxd.it/WHaT9,4,Yes,,2020-01-13
2020-01-15,The Adjustment Bureau,2011,https://boxd.it/WHySz,,,,2020-01-14
2020-01-15,Paul,2011,https://boxd.it/WI5kF,1.5,,,2020-01-14
2020-01-19,Magnolia,1999,https://boxd.it/WZAR5,4,,,2020-01-17
2020-01-20,Casino Royale,2006,https://boxd.it/XbS6l,4,Yes,,2020-01-20
2020-01-25,Enemy at the Gates,2001,https://boxd.it/XykRN,2,Yes,,2020-01-24
2020-02-16,Horse Girl,2020,https://boxd.it/Zwaqh,2.5,,,2020-02-14
2020-02-17,Parasite,2019,https://boxd.it/ZCg9X,4.5,,sierra,2020-02-16
2020-03-01,Homecoming: A Film by Beyonc√©,2019,https://boxd.it/10Erlj,5,,sierra,2020-02-29
2020-03-04,Steve Jobs,2015,https://boxd.it/10YFmb,3,,,2020-03-04
2020-03-10,Spenser Confidential,2020,https://boxd.it/11q6Eb,4,,,2020-03-09
2020-03-21,1917,2019,https://boxd.it/12mVh9,4.5,,sierra,2020-03-21
2020-04-01,The Platform,2019,https://boxd.it/13DSxV,2.5,,sierra,2020-03-31
2020-04-02,Star Wars: The Rise of Skywalker,2019,https://boxd.it/13KPcT,1,,sierra,2020-04-01
2020-04-07,Salt,2010,https://boxd.it/14nP31,4,Yes,sierra,2020-04-06
2020-04-09,The Roommate,2011,https://boxd.it/14Cguh,2,,sierra,2020-04-08
2020-04-12,Black Panther,2018,https://boxd.it/14XHc7,5,Yes,sierra,2020-04-11
2020-04-28,Gone in Sixty Seconds,2000,https://boxd.it/172Gir,5,Yes,,2020-04-27
2020-05-02,Baby Boy,2001,https://boxd.it/17yj83,4,,,2020-05-02
2020-05-10,Star Trek: First Contact,1996,https://boxd.it/18vt1z,4,Yes,,2020-05-09
2020-05-28,Django Unchained,2012,https://boxd.it/1aCzQv,4,Yes,,2020-05-28
2020-05-30,A Quiet Place,2018,https://boxd.it/1aMLsl,,,sierra,2020-05-29
2020-06-09,13th,2016,https://boxd.it/1bQaaV,5,,sierra,2020-06-08
2020-06-23,Bumblebee,2018,https://boxd.it/1dlboP,2,,,2020-06-23
2020-07-09,Alt-Right: Age of Rage,2018,https://boxd.it/1eVKDL,,,sierra,2020-07-08
2020-07-24,The Devil's Advocate,1997,https://boxd.it/1gwGqh,4,Yes,,2020-07-24
2020-08-17,Nightcrawler,2014,https://boxd.it/1iXxbT,3,Yes,sierra,2020-08-16
2020-08-28,Clerks,1994,https://boxd.it/1k5nS9,,,sierra,2020-08-27
2020-08-29,The Binge,2020,https://boxd.it/1kbijZ,4,,sierra,2020-08-28
2020-09-04,Beastie Boys Story,2020,https://boxd.it/1kTPbH,4.5,,sierra,2020-09-04
2020-09-05,Capone,2020,https://boxd.it/1l0j1J,4,,sierra,2020-09-05
2020-09-21,Unpregnant,2020,https://boxd.it/1mC5BX,3.5,,sierra,2020-09-20
2020-09-26,The Social Dilemma,2020,https://boxd.it/1naLBX,4,,sierra,2020-09-26
2020-11-01,Bad Hair,2020,https://boxd.it/1rabHh,5,,,2020-11-01
2020-11-15,Please Stand By,2017,https://boxd.it/1szI1R,,,sierra,2020-11-15
2020-12-07,The Queen's Gambit,2020,https://boxd.it/1v01w5,3,,,2020-12-07
2020-12-16,Constantine,2005,https://boxd.it/1vSzbN,,Yes,,2020-12-15
2020-12-19,Dirty Harry,1971,https://boxd.it/1wggjL,,,,2020-12-15
2020-12-16,Watchmen,2009,https://boxd.it/1vYpgP,2,Yes,,2020-12-16
2020-12-26,Ava,2020,https://boxd.it/1xeERn,,,,2020-12-25
2020-12-26,The Da Vinci Code,2006,https://boxd.it/1xfT93,,Yes,,2020-12-26
2020-12-26,Angels & Demons,2009,https://boxd.it/1xgvbV,,Yes,,2020-12-26
2020-12-27,Birds of Prey (and the Fantabulous Emancipation of One Harley Quinn),2020,https://boxd.it/1xrGCl,1,,,2020-12-27
2020-12-31,Steve Jobs: The Man in the Machine,2015,https://boxd.it/1y9OTn,4,,,2020-12-31
2021-01-02,No Country for Old Men,2007,https://boxd.it/1yqKad,5,Yes,,2021-01-01
2021-01-02,The Color Purple,1985,https://boxd.it/1ysJ4d,,,,2021-01-01
2021-01-02,The Exorcist,1973,https://boxd.it/1yuG2n,,,,2021-01-01
2021-01-02,The Conjuring 2,2016,https://boxd.it/1yxK7H,,,,2021-01-02
2021-01-04,War Dogs,2016,https://boxd.it/1yYpvR,4,,,2021-01-04
2021-01-05,Enemy of the State,1998,https://boxd.it/1z2rBl,,Yes,,2021-01-04
2021-01-05,Best Laid Plans,1999,https://boxd.it/1z3v43,4,,,2021-01-04
2021-01-05,Ad Astra,2019,https://boxd.it/1z7BxD,4,,,2021-01-04
2021-01-05,The Chronicles of Riddick,2004,https://boxd.it/1z8gXn,,Yes,,2021-01-05
2021-01-07,Ocean's Thirteen,2007,https://boxd.it/1zjNEv,4,Yes,,2021-01-06
2021-01-07,Insomnia,2002,https://boxd.it/1zl3wz,,,,2021-01-06
2021-01-07,Brexit: The Uncivil War,2019,https://boxd.it/1zl3Bz,,,,2021-01-06
2021-01-07,Risky Business,1983,https://boxd.it/1zohSF,1.5,,,2021-01-06
2021-01-07,Rebel Without a Cause,1955,https://boxd.it/1zp0Mx,,,,2021-01-06
2021-01-07,Clash of the Titans,2010,https://boxd.it/1zq1m3,,,,2021-01-07
2021-01-07,Wrath of the Titans,2012,https://boxd.it/1zq1n1,,,,2021-01-07
2021-01-07,Lovelace,2013,https://boxd.it/1zq1w3,,,,2021-01-07
2021-01-08,The Hindenburg,1975,https://boxd.it/1zqdQp,,Yes,,2021-01-07
2021-01-08,Blade,1998,https://boxd.it/1zqyO5,,,,2021-01-07
2021-01-08,Ready Player One,2018,https://boxd.it/1zxa2F,4,Yes,,2021-01-07
2021-01-10,Transhood,2020,https://boxd.it/1zIr3d,,,,2021-01-09
2021-01-10,Blade II,2002,https://boxd.it/1zJz1h,,,,2021-01-09
2021-01-10,Baby Doll,1956,https://boxd.it/1zKwKl,,,,2021-01-09
2021-01-10,Friday Night Lights,2004,https://boxd.it/1zLHP9,4,Yes,,2021-01-09
2021-01-10,There Will Be Blood,2007,https://boxd.it/1zPl5B,,Yes,,2021-01-09
2021-01-11,Gangs of New York,2002,https://boxd.it/1A2ZVN,,,,2021-01-11
2021-01-12,Magnolia,1999,https://boxd.it/1A7DDH,4,Yes,,2021-01-11
2021-01-14,All Cars Go To Heaven - Volume 1: The Washington Discovery Route,2014,https://boxd.it/1AsRMF,,,,2021-01-13
2021-01-14,All Cars Go To Heaven - Volume 2: Better Than A Horse,2015,https://boxd.it/1AsROV,,,,2021-01-13
2021-01-18,The Departed,2006,https://boxd.it/1B2tZH,,,,2021-01-17
2021-01-20,Killing Them Softly,2012,https://boxd.it/1BlG7B,,,,2021-01-19
2021-01-25,Rush,2013,https://boxd.it/1C46cP,4,,,2021-01-24
2021-01-27,Munich,2005,https://boxd.it/1CmTpf,,,,2021-01-26
2021-01-27,The Bourne Supremacy,2004,https://boxd.it/1CngPb,,Yes,,2021-01-26
2021-01-27,Mile 22,2018,https://boxd.it/1CnTvp,,,,2021-01-26
2021-01-27,Dead Poets Society,1989,https://boxd.it/1CsxGP,,Yes,,2021-01-27
2021-01-28,Brokeback Mountain,2005,https://boxd.it/1CyEoZ,5,,,2021-01-27
2021-01-29,Winter's Bone,2010,https://boxd.it/1CCytH,,,,2021-01-28
2021-01-29,The Last of the Mohicans,1992,https://boxd.it/1CEWEt,,,,2021-01-28
2021-01-30,The Talented Mr. Ripley,1999,https://boxd.it/1CK9kL,,,,2021-01-29
2021-01-30,Breach,2007,https://boxd.it/1COknJ,,Yes,,2021-01-29
2021-01-31,Anon,2018,https://boxd.it/1CVGuB,1,,,2021-01-30
2021-02-02,Lincoln,2012,https://boxd.it/1Dhkr5,,Yes,,2021-02-01
2021-02-03,Space Cowboys,2000,https://boxd.it/1Dmno9,,,,2021-02-02
2021-02-03,Tinker Tailor Soldier Spy,2011,https://boxd.it/1Dowit,4,Yes,,2021-02-02
2021-02-05,Up in the Air,2009,https://boxd.it/1DCk8p,,,,2021-02-04
2021-02-05,Palmer,2021,https://boxd.it/1DD4ND,,,,2021-02-04
2021-02-08,Aquaman,2018,https://boxd.it/1E9W2b,,,,2021-02-07
2021-02-08,Midway,2019,https://boxd.it/1EaR6J,,,,2021-02-08
2021-02-11,Kill the Messenger,2014,https://boxd.it/1EtfPJ,,,,2021-02-10
2021-02-12,Casino Royale,2006,https://boxd.it/1EAUKp,4,Yes,,2021-02-11
2021-02-12,Quantum of Solace,2008,https://boxd.it/1ECagn,1.5,,,2021-02-11
2021-02-14,The Book of Eli,2010,https://boxd.it/1EWvBr,1,,,2021-02-13
2021-02-28,Bill & Ted's Excellent Adventure,1989,https://boxd.it/1H08P7,,,,2021-02-28
2021-03-01,Taken 3,2014,https://boxd.it/1H6rn9,,,,2021-02-28
2021-03-01,Lupe,2019,https://boxd.it/1H9JwJ,5,,,2021-03-01
2021-03-03,Hillbilly Elegy,2020,https://boxd.it/1HnMrv,,,,2021-03-02
2021-03-04,Billie Eilish: The World's a Little Blurry,2021,https://boxd.it/1HuooV,5,,,2021-03-03
2021-03-04,Outside the Wire,2021,https://boxd.it/1HvFbh,2,,,2021-03-04
2021-03-05,The Prestige,2006,https://boxd.it/1HzOif,,Yes,,2021-03-04
2021-03-08,Console Wars,2020,https://boxd.it/1I6HMX,,,,2021-03-08
2021-03-09,Mission: Impossible,1996,https://boxd.it/1I7u2p,,Yes,,2021-03-08
2021-03-10,I Care a Lot,2020,https://boxd.it/1IfuS7,,,,2021-03-09
2021-05-15,Tenet,2020,https://boxd.it/1Rvpkn,,,,2021-05-14
2021-05-17,The Woman in the Window,2021,https://boxd.it/1ROT4d,,,,2021-05-16
2021-05-21,Those Who Wish Me Dead,2021,https://boxd.it/1Si9An,,,,2021-05-20
2021-05-25,Bad Trip,2021,https://boxd.it/1STXQ5,4,,,2021-05-25
2021-06-08,Galveston,2018,https://boxd.it/1UObvB,4.5,,,2021-06-08
2021-06-17,The Manchurian Candidate,2004,https://boxd.it/1VPwkb,,,,2021-06-16
2021-06-18,Master and Commander: The Far Side of the World,2003,https://boxd.it/1VYO8F,,,,2021-06-17
2021-07-14,Burn After Reading,2008,https://boxd.it/1ZBir1,,,,2021-07-13
2021-07-15,Black Widow,2021,https://boxd.it/1ZKsdr,,,,2021-07-14
2021-07-18,National Treasure,2004,https://boxd.it/20d81D,5,Yes,,2021-07-17
2021-07-18,The Lizzie McGuire Movie,2003,https://boxd.it/20esLX,5,Yes,,2021-07-18
2021-07-19,Big Hero 6,2014,https://boxd.it/20lakt,,,,2021-07-18
2021-07-19,Johnny Kapahala: Back on Board,2007,https://boxd.it/20mVZF,,,,2021-07-18
2021-07-26,Stuck in the Suburbs,2004,https://boxd.it/21rBKT,,,,2021-07-26
2021-07-27,Confessions of a Teenage Drama Queen,2004,https://boxd.it/21ATEH,,Yes,,2021-07-27
2021-07-28,Now You See It...,2005,https://boxd.it/21CCjh,,Yes,,2021-07-27
2021-08-01,Zenon: Girl of the 21st Century,1999,https://boxd.it/22ieKn,4,Yes,,2021-08-01
2021-08-03,Ice Princess,2005,https://boxd.it/22Al0n,5,Yes,,2021-08-03
2021-08-04,Wreck-It Ralph,2012,https://boxd.it/22Jqb9,,Yes,,2021-08-04
2021-08-04,Ralph Breaks the Internet,2018,https://boxd.it/22JM61,4,,,2021-08-04
2021-08-10,Moana,2016,https://boxd.it/23B0xL,,,,2021-08-09
2021-08-10,Read It and Weep,2006,https://boxd.it/23Blaj,,,,2021-08-09
2021-08-11,Onward,2020,https://boxd.it/23Hq0Z,,,,2021-08-10
2021-08-12,The Vault,2021,https://boxd.it/23RKDd,,,,2021-08-11
2021-08-12,The Net,1995,https://boxd.it/23SJkL,,,,2021-08-11
2021-08-14,Billie Eilish: The World's a Little Blurry,2021,https://boxd.it/24aN2H,5,Yes,,2021-08-14
2021-08-14,Kiss the Ground,2020,https://boxd.it/24crOD,0.5,,,2021-08-14
2021-08-15,Captain Marvel,2019,https://boxd.it/24fg41,,,,2021-08-14
2021-09-02,9/11: Inside the President's War Room,2021,https://boxd.it/26NsyD,1,,,2021-09-01
2021-09-06,CODA,2021,https://boxd.it/27mF8D,5,,,2021-09-04
2021-09-14,Kate,2021,https://boxd.it/28wfyJ,,,,2021-09-12
2021-09-15,Tru Confessions,2002,https://boxd.it/28J5X1,,Yes,,2021-09-14
2021-09-15,The Even Stevens Movie,2003,https://boxd.it/28KPcH,,Yes,,2021-09-15
2021-09-17,Night at the Museum,2006,https://boxd.it/28UOEl,,Yes,,2021-09-16
2021-09-18,Dark Phoenix,2019,https://boxd.it/296FGB,,,,2021-09-18
2021-09-22,Come From Away,2021,https://boxd.it/29AOL1,4,,,2021-09-21
2021-09-26,The Color of Friendship,2000,https://boxd.it/2aa2e1,,Yes,,2021-09-26
2021-09-29,Schumacher,2021,https://boxd.it/2asRch,,,,2021-09-28
2021-10-18,Under Siege,1992,https://boxd.it/2du7L7,,Yes,,2021-10-18
2021-10-19,The Comey Rule,2020,https://boxd.it/2dDpqp,,,,2021-10-19
2021-10-22,The Guilty,2021,https://boxd.it/2e1JBP,4.5,,,2021-10-21
2021-11-10,American Gangster,2007,https://boxd.it/2h4TxB,,,,2021-11-09
2021-11-12,Replicas,2018,https://boxd.it/2hkVGn,,,,2021-11-11
2021-12-26,The Matrix Resurrections,2021,https://boxd.it/2oCFbd,,,,2021-12-25
2022-01-04,No Time to Die,2021,https://boxd.it/2r7xEB,5,,,2022-01-03
2022-01-07,Red Notice,2021,https://boxd.it/2rKgPF,,,,2022-01-06
2022-01-11,Body of Lies,2008,https://boxd.it/2sOcc7,,,,2022-01-10
2022-01-11,The Luck of the Irish,2001,https://boxd.it/2sPp85,,Yes,"sierra, parables",2022-01-10
2022-01-18,Casino Royale,2006,https://boxd.it/2uDgjx,4,Yes,,2022-01-16
2022-01-18,Quantum of Solace,2008,https://boxd.it/2uDgGh,4,Yes,,2022-01-16
2022-01-18,Hell or High Water,2016,https://boxd.it/2uEfYL,,,,2022-01-17
2022-02-08,The Last Samurai,2003,https://boxd.it/2yQehh,,,,2022-02-06
2022-03-01,The Sum of All Fears,2002,https://boxd.it/2CFx7T,,Yes,,2022-02-28
2022-03-01,The Bourne Ultimatum,2007,https://boxd.it/2CFxHH,3,Yes,,2022-03-01
2022-03-01,Watchmen,2009,https://boxd.it/2CG7XL,3.5,Yes,,2022-03-01
2022-03-20,Top Gun,1986,https://boxd.it/2G3Ay9,,Yes,,2022-03-19
2022-03-20,Margin Call,2011,https://boxd.it/2G4eSX,,,,2022-03-19
2022-03-20,The Hangover,2009,https://boxd.it/2GbcUL,,,,2022-03-19
2022-03-20,The Shawshank Redemption,1994,https://boxd.it/2GePjv,5,,,2022-03-20
2022-03-23,The Courier,2020,https://boxd.it/2GLE9v,5,,,2022-03-21
2022-04-05,Argo,2012,https://boxd.it/2J5Huz,,Yes,,2022-04-04
2022-04-08,Sherlock Holmes,2009,https://boxd.it/2JxW3f,3,Yes,,2022-04-07
2022-04-08,The Imitation Game,2014,https://boxd.it/2Jz9kl,,Yes,,2022-04-07
2022-04-10,Michael Clayton,2007,https://boxd.it/2K0Csx,,,,2022-04-10
2022-04-29,Fargo,1996,https://boxd.it/2Nj1KT,,,,2022-04-28
