Date,Name,Year,Letterboxd URI,Rating
2017-12-15,La La Land,2016,https://boxd.it/a5fa,3.5
2017-12-15,Pulp Fiction,1994,https://boxd.it/29Pq,2
2017-12-15,Her,2013,https://boxd.it/4O24,4
2017-12-15,The Wolf of Wall Street,2013,https://boxd.it/3C1m,3
2017-12-15,Drive,2011,https://boxd.it/IG,5
2017-12-15,Rogue One: A Star Wars Story,2016,https://boxd.it/aPvy,3
2017-12-15,Inglourious Basterds,2009,https://boxd.it/1JzG,2
2017-12-15,Blade Runner,1982,https://boxd.it/2bcA,1
2017-12-15,The Shining,1980,https://boxd.it/29Nu,1
2017-12-15,The Avengers,2012,https://boxd.it/1xFW,1
2017-12-15,Nightcrawler,2014,https://boxd.it/780m,3
2017-12-15,Alien,1979,https://boxd.it/2awY,3
2017-12-15,The Empire Strikes Back,1980,https://boxd.it/27Vw,2
2017-12-15,Captain America: Civil War,2016,https://boxd.it/89Ja,1
2017-12-15,Gravity,2013,https://boxd.it/GZY,1
2017-12-15,2001: A Space Odyssey,1968,https://boxd.it/2bf0,1.5
2017-12-15,The Dark Knight Rises,2012,https://boxd.it/H3m,3
2017-12-20,Chernobyl Diaries,2012,https://boxd.it/3h4a,3
2017-12-20,The Lost Boys,1987,https://boxd.it/28DI,3.5
2017-12-27,The Neon Demon,2016,https://boxd.it/9AnW,2
2017-12-29,Pixels,2015,https://boxd.it/7BaA,0.5
2017-12-31,Spectre,2015,https://boxd.it/6bXY,3
2017-12-31,Iron Man,2008,https://boxd.it/28dA,4
2017-12-31,Christine,1983,https://boxd.it/1ZRQ,5
2018-01-15,Small Town Killers,2017,https://boxd.it/f4n8,2.5
2018-01-17,National Treasure,2004,https://boxd.it/27x0,5
2018-01-21,The Paperboy,2012,https://boxd.it/2T8i,4
2018-01-24,Inception,2010,https://boxd.it/1skk,2.5
2018-01-24,The Curious Case of Benjamin Button,2008,https://boxd.it/23Fk,3.5
2018-01-24,Titanic II,2010,https://boxd.it/QMg,5
2018-01-25,Jack Reacher: Never Go Back,2016,https://boxd.it/buAY,1
2018-01-25,xXx: Return of Xander Cage,2017,https://boxd.it/JqC,1
2018-01-27,Cop Car,2015,https://boxd.it/9X0G,4.5
2018-01-27,"Three Billboards Outside Ebbing, Missouri",2017,https://boxd.it/ceBS,2
2018-01-30,Shrek,2001,https://boxd.it/29zi,5
2018-01-30,Return of the Jedi,1983,https://boxd.it/27Vm,2
2018-01-30,Jaws,1975,https://boxd.it/2a5e,2
2018-01-30,Bernie,2011,https://boxd.it/3eWe,4
2018-01-30,King Kong,2005,https://boxd.it/2aLa,5
2018-02-01,Star Trek Beyond,2016,https://boxd.it/5Ik4,3.5
2018-02-06,Ant-Man,2015,https://boxd.it/3vmW,2.5
2018-02-07,Need for Speed,2014,https://boxd.it/4p90,1.5
2018-02-08,Where the Heart Is,2000,https://boxd.it/1VWM,5
2018-02-09,Jurassic World,2015,https://boxd.it/4n0g,1
2018-02-09,Beauty and the Beast,1991,https://boxd.it/1XhG,5
2018-02-09,Ocean's Thirteen,2007,https://boxd.it/2aEy,4
2018-02-11,Winchester,2018,https://boxd.it/eGWS,1
2018-02-12,Cars 3,2017,https://boxd.it/7IPq,4
2018-02-13,The Adventures of Tintin,2011,https://boxd.it/1Irc,3
2018-02-13,Ocean's Eleven,2001,https://boxd.it/2aZm,4.5
2018-02-15,The End of the Tour,2015,https://boxd.it/7jIE,4
2018-02-18,Mom and Dad,2017,https://boxd.it/e6BO,5
2018-02-25,Monsters vs Aliens,2009,https://boxd.it/1M50,1
2018-03-02,Evan Almighty,2007,https://boxd.it/26s4,0.5
2018-03-04,Motocrossed,2001,https://boxd.it/2pPG,5
2018-03-08,Charlie and the Chocolate Factory,2005,https://boxd.it/2b68,4
2018-03-15,The Princess Diaries,2001,https://boxd.it/1XCO,4
2018-03-31,Jason and the Argonauts,1963,https://boxd.it/1TCK,4
2018-04-02,Take Your Pills,2018,https://boxd.it/i86w,4
2018-04-17,Helvetica,2007,https://boxd.it/1Qn8,2.5
2018-04-17,Star Wars: The Last Jedi,2017,https://boxd.it/5xme,4.5
2018-04-24,The Secret of NIMH,1982,https://boxd.it/1Tc8,4
2018-04-28,The Adventures of Ichabod and Mr. Toad,1949,https://boxd.it/1Q7E,2
2018-04-28,Network,1976,https://boxd.it/1VqG,5
2018-04-28,A Man Called Ove,2015,https://boxd.it/bHuY,4.5
2018-04-28,Logan's Run,1976,https://boxd.it/1Vma,4
2018-04-30,Titanic,1997,https://boxd.it/2a2k,4
2018-05-07,The Fast and the Furious,2001,https://boxd.it/1XMu,5
2018-05-07,2 Fast 2 Furious,2003,https://boxd.it/2a4g,5
2018-05-26,Solo: A Star Wars Story,2018,https://boxd.it/bGWs,2
2018-06-05,The Bourne Ultimatum,2007,https://boxd.it/26Eu,3
2018-06-07,Johnny Mnemonic,1995,https://boxd.it/1XBQ,2.5
2018-06-07,Starchaser: The Legend of Orin,1985,https://boxd.it/1hD6,0.5
2018-06-08,The King's Speech,2010,https://boxd.it/dX0,5
2018-06-12,Tinker Tailor Soldier Spy,2011,https://boxd.it/FRY,4
2018-08-07,The Last Unicorn,1982,https://boxd.it/1WXQ,4
2018-09-25,Riki-Oh: The Story of Ricky,1991,https://boxd.it/1IDs,5
2018-09-25,Roundhay Garden Scene,1888,https://boxd.it/1K32,3.5
2018-09-25,Citizen Kane,1941,https://boxd.it/71O,5
2018-09-25,The Legend of Drunken Master,1994,https://boxd.it/1Si0,4
2018-09-25,Signs,2002,https://boxd.it/26t2,2
2018-10-05,The Matrix,1999,https://boxd.it/2a1m,4
2018-10-05,Vertigo,1958,https://boxd.it/2apI,4
2018-10-08,Drugstore Cowboy,1989,https://boxd.it/2aj6,4
2018-10-08,Fight Club,1999,https://boxd.it/2a9q,2
2018-10-09,Taxi Driver,1976,https://boxd.it/2b8y,3
2018-10-16,The Imaginarium of Doctor Parnassus,2009,https://boxd.it/20DA,4
2018-10-28,Black Panther,2018,https://boxd.it/8MHs,5
2018-11-05,"I, Tonya",2017,https://boxd.it/dzR0,5
2018-12-03,Iron Man 3,2013,https://boxd.it/2cBQ,3.5
2018-12-03,Batman v Superman: Dawn of Justice,2016,https://boxd.it/6fBW,1
2018-12-09,The American Meme,2018,https://boxd.it/iSNG,4
2018-12-10,Dumplin',2018,https://boxd.it/gXcc,5
2018-12-13,Hanna,2011,https://boxd.it/DBE,4
2018-12-29,Mary Queen of Scots,2018,https://boxd.it/gkaG,4
2019-01-03,Avengers: Infinity War,2018,https://boxd.it/9vEe,1.5
2019-01-03,Palo Alto,2013,https://boxd.it/5Nzy,4
2019-01-03,Bird Box,2018,https://boxd.it/eh1i,3
2019-01-04,The Informant!,2009,https://boxd.it/1U8c,5
2019-01-16,Get Out,2017,https://boxd.it/eOCm,5
2019-01-17,Black Cop,2017,https://boxd.it/gUfM,4
2019-01-23,Asthma,2014,https://boxd.it/8Ep6,4
2019-01-25,Deathgasm,2015,https://boxd.it/avNs,3.5
2019-01-25,The Toxic Avenger,1984,https://boxd.it/1MAi,5
2019-01-26,Polar,2019,https://boxd.it/hoZg,1.5
2019-03-14,The Time Machine,2002,https://boxd.it/27mG,4
2019-04-04,The Highwaymen,2019,https://boxd.it/i4ie,2
2019-07-26,First Man,2018,https://boxd.it/cPym,4
2019-07-29,The Ugly Truth,2009,https://boxd.it/1CFi,2.5
2019-07-29,Max Keeble's Big Move,2001,https://boxd.it/1dHe,5
2019-07-30,The Great Hack,2019,https://boxd.it/kL8g,1.5
2019-07-30,Joan Didion: The Center Will Not Hold,2017,https://boxd.it/gYJ2,4.5
2019-07-31,The Body,2018,https://boxd.it/k60A,4
2019-07-31,I'm Just F*cking with You,2019,https://boxd.it/lyFo,5
2019-08-21,Bob Lazar: Area 51 and Flying Saucers,2018,https://boxd.it/iXQA,1
2019-09-25,The Breakfast Club,1985,https://boxd.it/27q4,5
2019-09-27,American Psycho,2000,https://boxd.it/28Vs,4
2019-09-27,Simon Amstell: Set Free,2019,https://boxd.it/n64I,5
2019-10-03,Isn't It Romantic,2019,https://boxd.it/g1jE,2
2019-10-22,Mission: Impossible - Fallout,2018,https://boxd.it/bSVc,4.5
2019-10-28,Joker,2019,https://boxd.it/h4cS,4
2019-11-13,Sherlock Holmes,2009,https://boxd.it/1W2A,3
2019-11-15,Inside Out,2015,https://boxd.it/4KHC,5
2019-11-16,Home,2015,https://boxd.it/6JxA,3.5
2019-11-29,The Abyss,1989,https://boxd.it/26mK,4.5
2019-12-02,Hit & Run,2012,https://boxd.it/3GFA,4
2019-12-09,Miracle on 34th Street,1994,https://boxd.it/1W5k,5
2019-12-18,Hancock,2008,https://boxd.it/1Zv6,3.5
2020-01-01,Toy Story 4,2019,https://boxd.it/9ALu,3
2020-01-13,Ocean's Eight,2018,https://boxd.it/eaai,5
2020-01-15,Patton,1970,https://boxd.it/1UnQ,4
2020-01-15,Paul,2011,https://boxd.it/13uE,1.5
2020-01-19,Magnolia,1999,https://boxd.it/2aze,4
2020-01-20,Casino Royale,2006,https://boxd.it/1alk,4
2020-01-25,Enemy at the Gates,2001,https://boxd.it/29s2,2
2020-02-11,Girl Most Likely,2012,https://boxd.it/2nga,3.5
2020-02-16,Horse Girl,2020,https://boxd.it/oioi,2.5
2020-02-17,Parasite,2019,https://boxd.it/hTha,4.5
2020-02-18,Ford v Ferrari,2019,https://boxd.it/ce74,3.5
2020-02-20,Legend,2015,https://boxd.it/8qZY,4
2020-02-20,Elizabeth: The Golden Age,2007,https://boxd.it/24d2,3.5
2020-03-01,Homecoming: A Film by Beyonc√©,2019,https://boxd.it/lS2Q,5
2020-03-04,Steve Jobs,2015,https://boxd.it/araG,3
2020-03-10,Spenser Confidential,2020,https://boxd.it/log4,4
2020-03-17,Brooklyn,2015,https://boxd.it/5bdk,4
2020-03-21,1917,2019,https://boxd.it/jj4y,4.5
2020-03-31,Lady Bird,2017,https://boxd.it/dGNE,3
2020-04-01,The Platform,2019,https://boxd.it/mUm6,2.5
2020-04-02,Star Wars: The Rise of Skywalker,2019,https://boxd.it/5xlK,1
2020-04-07,Salt,2010,https://boxd.it/1rtK,4
2020-04-09,The Roommate,2011,https://boxd.it/ENw,2
2020-04-12,The Social Network,2010,https://boxd.it/17ue,2
2020-04-15,A Beautiful Day in the Neighborhood,2019,https://boxd.it/i7vA,3
2020-04-20,The Impossible,2012,https://boxd.it/2N9k,2
2020-04-28,Gone in Sixty Seconds,2000,https://boxd.it/1Y4y,5
2020-05-02,Baby Boy,2001,https://boxd.it/1KGS,4
2020-05-10,Star Trek: First Contact,1996,https://boxd.it/2aTo,4
2020-05-28,Django Unchained,2012,https://boxd.it/2cCk,4
2020-05-29,Ingrid Goes West,2017,https://boxd.it/evUQ,4.5
2020-05-30,Nobody's Fool,2018,https://boxd.it/iE3Y,4
2020-06-05,Super 8,2011,https://boxd.it/dVI,4
2020-06-09,13th,2016,https://boxd.it/elNg,5
2020-06-23,Bumblebee,2018,https://boxd.it/f21O,2
2020-06-28,7500,2019,https://boxd.it/iqZY,2
2020-07-06,Wild Wild West,1999,https://boxd.it/205y,5
2020-07-24,The Devil's Advocate,1997,https://boxd.it/286k,4
2020-07-30,Greyhound,2020,https://boxd.it/iIaE,2.5
2020-08-29,The Binge,2020,https://boxd.it/o2FM,4
2020-08-30,Mad As Hell,2014,https://boxd.it/7ZaY,4.5
2020-09-04,Beastie Boys Story,2020,https://boxd.it/oIW6,4.5
2020-09-05,Capone,2020,https://boxd.it/fdAU,4
2020-09-21,Unpregnant,2020,https://boxd.it/nrH2,3.5
2020-09-26,The Social Dilemma,2020,https://boxd.it/opQI,4
2020-10-23,Kursk,2018,https://boxd.it/e5PU,4
2020-11-01,The Wretched,2019,https://boxd.it/mmtW,0.5
2020-11-01,Bad Hair,2020,https://boxd.it/jhAC,5
2020-11-01,Jessabelle,2014,https://boxd.it/67wE,2
2020-11-11,overshare: the links.net story,2015,https://boxd.it/bYhs,5
2020-11-17,Silicon Cowboys,2016,https://boxd.it/dg9e,4
2020-12-07,The Queen's Gambit,2020,https://boxd.it/s1Ym,3
2020-12-10,Brink 2: Val's Revenge,2011,https://boxd.it/t2vi,5
2020-12-13,Austin Powers: International Man of Mystery,1997,https://boxd.it/29y0,0.5
2020-12-14,Boogie Nights,1997,https://boxd.it/23um,4
2020-12-27,Birds of Prey (and the Fantabulous Emancipation of One Harley Quinn),2020,https://boxd.it/hSyO,1
2020-12-31,Steve Jobs: The Man in the Machine,2015,https://boxd.it/axnG,4
2021-01-02,No Country for Old Men,2007,https://boxd.it/21ew,5
2021-01-04,War Dogs,2016,https://boxd.it/9SlO,4
2021-01-05,Best Laid Plans,1999,https://boxd.it/1GBk,4
2021-01-05,Ad Astra,2019,https://boxd.it/ePzI,4
2021-01-07,Risky Business,1983,https://boxd.it/1YUE,1.5
2021-01-08,The Girl with the Dragon Tattoo,2011,https://boxd.it/2Pa,5
2021-01-08,Ready Player One,2018,https://boxd.it/aZes,4
2021-01-10,Friday Night Lights,2004,https://boxd.it/1Qdi,4
2021-01-12,Asphalt Burning,2020,https://boxd.it/ihLy,5
2021-01-25,Rush,2013,https://boxd.it/3lyS,4
2021-01-28,Brokeback Mountain,2005,https://boxd.it/2b2q,5
2021-01-31,Anon,2018,https://boxd.it/dTCE,1
2021-02-14,The Book of Eli,2010,https://boxd.it/1Dnu,1
2021-02-14,Dunkirk,2017,https://boxd.it/d0Y6,4.5
2021-03-01,Lupe,2019,https://boxd.it/patm,5
2021-03-04,Billie Eilish: The World's a Little Blurry,2021,https://boxd.it/olni,5
2021-03-04,Outside the Wire,2021,https://boxd.it/taq6,2
2021-05-25,Bad Trip,2021,https://boxd.it/lgRG,4
2021-06-08,Galveston,2018,https://boxd.it/8Lqq,4.5
2021-06-09,Green Zone,2010,https://boxd.it/1zNS,3.5
2021-07-18,The Lizzie McGuire Movie,2003,https://boxd.it/1GoA,5
2021-08-01,Zenon: Girl of the 21st Century,1999,https://boxd.it/1djc,4
2021-08-03,Ice Princess,2005,https://boxd.it/1QjA,5
2021-08-04,Ralph Breaks the Internet,2018,https://boxd.it/edAy,4
2021-08-14,Kiss the Ground,2020,https://boxd.it/rF6C,0.5
2021-09-02,9/11: Inside the President's War Room,2021,https://boxd.it/w2Eg,1
2021-09-06,CODA,2021,https://boxd.it/tbf4,5
2021-09-22,Come From Away,2021,https://boxd.it/rgOu,4
2021-10-22,The Guilty,2021,https://boxd.it/kOPW,4.5
2021-12-13,All Cars Go To Heaven - Volume 1: The Washington Discovery Route,2014,https://boxd.it/8oUi,5
2021-12-13,All Cars Go To Heaven - Volume 2: Better Than A Horse,2015,https://boxd.it/d4qC,5
2022-01-04,No Time to Die,2021,https://boxd.it/cPX2,5
2022-01-18,Quantum of Solace,2008,https://boxd.it/1Vs8,4
2022-03-01,Watchmen,2009,https://boxd.it/1QE4,3.5
2022-03-20,The Shawshank Redemption,1994,https://boxd.it/2aHi,5
2022-03-21,Darkest Hour,2017,https://boxd.it/dZZa,4.5
2022-03-23,The Courier,2020,https://boxd.it/iX7A,5
2022-04-11,Phantom Thread,2017,https://boxd.it/e4uc,4.5
